"libDefaultRefs","primMesh","path","size","sourcePrefabRefs","magenta","classification","name","orphanScripts","isBinary"
"0","0","C:\dev\_wt_s11_l6_prefabs\Assets\_Project\Prefabs\Moon1\Blender\Aether_A3_Crystal_Amber.prefab","3164","1","0","LFS-VARIANT","Aether_A3_Crystal_Amber.prefab","0","True"
"0","0","C:\dev\_wt_s11_l6_prefabs\Assets\_Project\Prefabs\Moon1\Blender\Aether_D4_Crystal_PaleGreen.prefab","3168","1","0","LFS-VARIANT","Aether_D4_Crystal_PaleGreen.prefab","0","True"
"0","0","C:\dev\_wt_s11_l6_prefabs\Assets\_Project\Prefabs\Moon1\Blender\Aether_E3_Crystal_BlueIce.prefab","3168","1","0","LFS-VARIANT","Aether_E3_Crystal_BlueIce.prefab","0","True"
"0","0","C:\dev\_wt_s11_l6_prefabs\Assets\_Project\Prefabs\Moon1\Blender\AetherLantern.prefab","3156","1","0","LFS-VARIANT","AetherLantern.prefab","0","True"
"0","0","C:\dev\_wt_s11_l6_prefabs\Assets\_Project\Prefabs\Moon1\Blender\AetherVial.prefab","3152","1","0","LFS-VARIANT","AetherVial.prefab","0","True"
"0","0","C:\dev\_wt_s11_l6_prefabs\Assets\_Project\Prefabs\Moon1\Blender\AlabasterColumn.prefab","3156","1","0","LFS-VARIANT","AlabasterColumn.prefab","0","True"
"0","0","C:\dev\_wt_s11_l6_prefabs\Assets\_Project\Prefabs\Moon1\Blender\Alembic.prefab","3156","1","0","LFS-VARIANT","Alembic.prefab","0","True"
"0","0","C:\dev\_wt_s11_l6_prefabs\Assets\_Project\Prefabs\Moon1\Blender\AnastasiaPrincess.prefab","3160","1","0","LFS-VARIANT","AnastasiaPrincess.prefab","0","True"
"0","0","C:\dev\_wt_s11_l6_prefabs\Assets\_Project\Prefabs\Moon1\Blender\AnastasiaRockingChair.prefab","3172","1","0","LFS-VARIANT","AnastasiaRockingChair.prefab","0","True"
"0","0","C:\dev\_wt_s11_l6_prefabs\Assets\_Project\Prefabs\Moon1\Blender\AncientSequoia.prefab","3156","1","0","LFS-VARIANT","AncientSequoia.prefab","0","True"
"0","0","C:\dev\_wt_s11_l6_prefabs\Assets\_Project\Prefabs\Moon1\Blender\AncientStoneSign.prefab","3156","1","0","LFS-VARIANT","AncientStoneSign.prefab","0","True"
"0","0","C:\dev\_wt_s11_l6_prefabs\Assets\_Project\Prefabs\Moon1\Blender\AnkhWallPlaque.prefab","3156","1","0","LFS-VARIANT","AnkhWallPlaque.prefab","0","True"
"0","0","C:\dev\_wt_s11_l6_prefabs\Assets\_Project\Prefabs\Moon1\Blender\Anvil.prefab","3144","1","0","LFS-VARIANT","Anvil.prefab","0","True"
"0","0","C:\dev\_wt_s11_l6_prefabs\Assets\_Project\Prefabs\Moon1\Blender\AnvilHorn.prefab","3152","1","0","LFS-VARIANT","AnvilHorn.prefab","0","True"
"0","0","C:\dev\_wt_s11_l6_prefabs\Assets\_Project\Prefabs\Moon1\Blender\Apothecary.prefab","3160","1","0","LFS-VARIANT","Apothecary.prefab","0","True"
"0","0","C:\dev\_wt_s11_l6_prefabs\Assets\_Project\Prefabs\Moon1\Blender\ArchKeystone.prefab","3152","1","0","LFS-VARIANT","ArchKeystone.prefab","0","True"
"0","0","C:\dev\_wt_s11_l6_prefabs\Assets\_Project\Prefabs\Moon1\Blender\Archway.prefab","3148","1","0","LFS-VARIANT","Archway.prefab","0","True"
"0","0","C:\dev\_wt_s11_l6_prefabs\Assets\_Project\Prefabs\Moon1\Blender\ArmoredBootsPair.prefab","3156","1","0","LFS-VARIANT","ArmoredBootsPair.prefab","0","True"
"0","0","C:\dev\_wt_s11_l6_prefabs\Assets\_Project\Prefabs\Moon1\Blender\ArrowBundle.prefab","3152","1","0","LFS-VARIANT","ArrowBundle.prefab","0","True"
"0","0","C:\dev\_wt_s11_l6_prefabs\Assets\_Project\Prefabs\Moon1\Blender\AuroralBeacon.prefab","3156","1","0","LFS-VARIANT","AuroralBeacon.prefab","0","True"
"0","0","C:\dev\_wt_s11_l6_prefabs\Assets\_Project\Prefabs\Moon1\Blender\AuroralRing.prefab","3168","1","0","LFS-VARIANT","AuroralRing.prefab","0","True"
"0","0","C:\dev\_wt_s11_l6_prefabs\Assets\_Project\Prefabs\Moon1\Blender\Bagpipe.prefab","3164","1","0","LFS-VARIANT","Bagpipe.prefab","0","True"
"0","0","C:\dev\_wt_s11_l6_prefabs\Assets\_Project\Prefabs\Moon1\Blender\BalconyRail.prefab","3168","1","0","LFS-VARIANT","BalconyRail.prefab","0","True"
"0","0","C:\dev\_wt_s11_l6_prefabs\Assets\_Project\Prefabs\Moon1\Blender\BalloonBasket.prefab","3180","1","0","LFS-VARIANT","BalloonBasket.prefab","0","True"
"0","0","C:\dev\_wt_s11_l6_prefabs\Assets\_Project\Prefabs\Moon1\Blender\BannerPole.prefab","3160","1","0","LFS-VARIANT","BannerPole.prefab","0","True"
"0","0","C:\dev\_wt_s11_l6_prefabs\Assets\_Project\Prefabs\Moon1\Blender\BarrelLarge.prefab","3160","1","0","LFS-VARIANT","BarrelLarge.prefab","0","True"
"0","0","C:\dev\_wt_s11_l6_prefabs\Assets\_Project\Prefabs\Moon1\Blender\BarrelSmall.prefab","3160","1","0","LFS-VARIANT","BarrelSmall.prefab","0","True"
"0","0","C:\dev\_wt_s11_l6_prefabs\Assets\_Project\Prefabs\Moon1\Blender\BasketWoven.prefab","3160","1","0","LFS-VARIANT","BasketWoven.prefab","0","True"
"0","0","C:\dev\_wt_s11_l6_prefabs\Assets\_Project\Prefabs\Moon1\Blender\BastionGate.prefab","3152","1","0","LFS-VARIANT","BastionGate.prefab","0","True"
"0","0","C:\dev\_wt_s11_l6_prefabs\Assets\_Project\Prefabs\Moon1\Blender\BattleAxe.prefab","3168","1","0","LFS-VARIANT","BattleAxe.prefab","0","True"
"0","0","C:\dev\_wt_s11_l6_prefabs\Assets\_Project\Prefabs\Moon1\Blender\BeakerLarge.prefab","3156","1","0","LFS-VARIANT","BeakerLarge.prefab","0","True"
"0","0","C:\dev\_wt_s11_l6_prefabs\Assets\_Project\Prefabs\Moon1\Blender\BeakerMed.prefab","3160","1","0","LFS-VARIANT","BeakerMed.prefab","0","True"
"0","0","C:\dev\_wt_s11_l6_prefabs\Assets\_Project\Prefabs\Moon1\Blender\BeakerSmall.prefab","3152","1","0","LFS-VARIANT","BeakerSmall.prefab","0","True"
"0","0","C:\dev\_wt_s11_l6_prefabs\Assets\_Project\Prefabs\Moon1\Blender\Bellows.prefab","3156","1","0","LFS-VARIANT","Bellows.prefab","0","True"
"0","0","C:\dev\_wt_s11_l6_prefabs\Assets\_Project\Prefabs\Moon1\Blender\BellTowerNarrow.prefab","3164","1","0","LFS-VARIANT","BellTowerNarrow.prefab","0","True"
"0","0","C:\dev\_wt_s11_l6_prefabs\Assets\_Project\Prefabs\Moon1\Blender\BigMortar.prefab","3152","1","0","LFS-VARIANT","BigMortar.prefab","0","True"
"0","0","C:\dev\_wt_s11_l6_prefabs\Assets\_Project\Prefabs\Moon1\Blender\BigMushroomTree.prefab","3164","1","0","LFS-VARIANT","BigMushroomTree.prefab","0","True"
"0","0","C:\dev\_wt_s11_l6_prefabs\Assets\_Project\Prefabs\Moon1\Blender\BirchTree.prefab","3152","1","0","LFS-VARIANT","BirchTree.prefab","0","True"
"0","0","C:\dev\_wt_s11_l6_prefabs\Assets\_Project\Prefabs\Moon1\Blender\BobInnkeeper.prefab","3152","1","0","LFS-VARIANT","BobInnkeeper.prefab","0","True"
"0","0","C:\dev\_wt_s11_l6_prefabs\Assets\_Project\Prefabs\Moon1\Blender\BobsInn.prefab","3148","1","0","LFS-VARIANT","BobsInn.prefab","0","True"
"0","0","C:\dev\_wt_s11_l6_prefabs\Assets\_Project\Prefabs\Moon1\Blender\Bookshelf.prefab","3160","1","0","LFS-VARIANT","Bookshelf.prefab","0","True"
"0","0","C:\dev\_wt_s11_l6_prefabs\Assets\_Project\Prefabs\Moon1\Blender\BoulderLarge.prefab","3160","1","0","LFS-VARIANT","BoulderLarge.prefab","0","True"
"0","0","C:\dev\_wt_s11_l6_prefabs\Assets\_Project\Prefabs\Moon1\Blender\BoulderMed.prefab","3168","1","0","LFS-VARIANT","BoulderMed.prefab","0","True"
"0","0","C:\dev\_wt_s11_l6_prefabs\Assets\_Project\Prefabs\Moon1\Blender\BoulderSmall.prefab","3152","1","0","LFS-VARIANT","BoulderSmall.prefab","0","True"
"0","0","C:\dev\_wt_s11_l6_prefabs\Assets\_Project\Prefabs\Moon1\Blender\Bow.prefab","3144","1","0","LFS-VARIANT","Bow.prefab","0","True"
"0","0","C:\dev\_wt_s11_l6_prefabs\Assets\_Project\Prefabs\Moon1\Blender\BreastplateFull.prefab","3156","1","0","LFS-VARIANT","BreastplateFull.prefab","0","True"
"0","0","C:\dev\_wt_s11_l6_prefabs\Assets\_Project\Prefabs\Moon1\Blender\BreastplateLamellar.prefab","3160","1","0","LFS-VARIANT","BreastplateLamellar.prefab","0","True"
"0","0","C:\dev\_wt_s11_l6_prefabs\Assets\_Project\Prefabs\Moon1\Blender\BrewingRack.prefab","3152","1","0","LFS-VARIANT","BrewingRack.prefab","0","True"
"0","0","C:\dev\_wt_s11_l6_prefabs\Assets\_Project\Prefabs\Moon1\Blender\BrickPile.prefab","3168","1","0","LFS-VARIANT","BrickPile.prefab","0","True"
"0","0","C:\dev\_wt_s11_l6_prefabs\Assets\_Project\Prefabs\Moon1\Blender\Butterfly.prefab","3164","1","0","LFS-VARIANT","Butterfly.prefab","0","True"
"0","0","C:\dev\_wt_s11_l6_prefabs\Assets\_Project\Prefabs\Moon1\Blender\CandelabraTriple.prefab","3164","1","0","LFS-VARIANT","CandelabraTriple.prefab","0","True"
"0","0","C:\dev\_wt_s11_l6_prefabs\Assets\_Project\Prefabs\Moon1\Blender\CandleHolderTable.prefab","3160","1","0","LFS-VARIANT","CandleHolderTable.prefab","0","True"
"0","0","C:\dev\_wt_s11_l6_prefabs\Assets\_Project\Prefabs\Moon1\Blender\CandleHolderWall.prefab","3156","1","0","LFS-VARIANT","CandleHolderWall.prefab","0","True"
"0","0","C:\dev\_wt_s11_l6_prefabs\Assets\_Project\Prefabs\Moon1\Blender\CartFull.prefab","3148","1","0","LFS-VARIANT","CartFull.prefab","0","True"
"0","0","C:\dev\_wt_s11_l6_prefabs\Assets\_Project\Prefabs\Moon1\Blender\CartWheel.prefab","3168","1","0","LFS-VARIANT","CartWheel.prefab","0","True"
"0","0","C:\dev\_wt_s11_l6_prefabs\Assets\_Project\Prefabs\Moon1\Blender\CarvedStoneObelisk.prefab","3160","1","0","LFS-VARIANT","CarvedStoneObelisk.prefab","0","True"
"0","0","C:\dev\_wt_s11_l6_prefabs\Assets\_Project\Prefabs\Moon1\Blender\CassianCarter.prefab","3156","1","0","LFS-VARIANT","CassianCarter.prefab","0","True"
"0","0","C:\dev\_wt_s11_l6_prefabs\Assets\_Project\Prefabs\Moon1\Blender\CathedralChoirSpirit.prefab","3160","1","0","LFS-VARIANT","CathedralChoirSpirit.prefab","0","True"
"0","0","C:\dev\_wt_s11_l6_prefabs\Assets\_Project\Prefabs\Moon1\Blender\CattailReed.prefab","3168","1","0","LFS-VARIANT","CattailReed.prefab","0","True"
"0","0","C:\dev\_wt_s11_l6_prefabs\Assets\_Project\Prefabs\Moon1\Blender\Cauldron.prefab","3156","1","0","LFS-VARIANT","Cauldron.prefab","0","True"
"0","0","C:\dev\_wt_s11_l6_prefabs\Assets\_Project\Prefabs\Moon1\Blender\CavernWallCrystals.prefab","3184","1","0","LFS-VARIANT","CavernWallCrystals.prefab","0","True"
"0","0","C:\dev\_wt_s11_l6_prefabs\Assets\_Project\Prefabs\Moon1\Blender\CelestialOrrery.prefab","3156","1","0","LFS-VARIANT","CelestialOrrery.prefab","0","True"
"0","0","C:\dev\_wt_s11_l6_prefabs\Assets\_Project\Prefabs\Moon1\Blender\ChestStudded.prefab","3152","1","0","LFS-VARIANT","ChestStudded.prefab","0","True"
"0","0","C:\dev\_wt_s11_l6_prefabs\Assets\_Project\Prefabs\Moon1\Blender\CitadelChimney.prefab","3156","1","0","LFS-VARIANT","CitadelChimney.prefab","0","True"
"0","0","C:\dev\_wt_s11_l6_prefabs\Assets\_Project\Prefabs\Moon1\Blender\ClayUrn.prefab","3156","1","0","LFS-VARIANT","ClayUrn.prefab","0","True"
"0","0","C:\dev\_wt_s11_l6_prefabs\Assets\_Project\Prefabs\Moon1\Blender\ClockFace.prefab","3152","1","0","LFS-VARIANT","ClockFace.prefab","0","True"
"0","0","C:\dev\_wt_s11_l6_prefabs\Assets\_Project\Prefabs\Moon1\Blender\ClockworkArm.prefab","3152","1","0","LFS-VARIANT","ClockworkArm.prefab","0","True"
"0","0","C:\dev\_wt_s11_l6_prefabs\Assets\_Project\Prefabs\Moon1\Blender\ClockworkGiantGear.prefab","3160","1","0","LFS-VARIANT","ClockworkGiantGear.prefab","0","True"
"0","0","C:\dev\_wt_s11_l6_prefabs\Assets\_Project\Prefabs\Moon1\Blender\ClockworkSmallGear.prefab","3160","1","0","LFS-VARIANT","ClockworkSmallGear.prefab","0","True"
"0","0","C:\dev\_wt_s11_l6_prefabs\Assets\_Project\Prefabs\Moon1\Blender\CloudPlatform.prefab","3168","1","0","LFS-VARIANT","CloudPlatform.prefab","0","True"
"0","0","C:\dev\_wt_s11_l6_prefabs\Assets\_Project\Prefabs\Moon1\Blender\Compass.prefab","3148","1","0","LFS-VARIANT","Compass.prefab","0","True"
"0","0","C:\dev\_wt_s11_l6_prefabs\Assets\_Project\Prefabs\Moon1\Blender\CoolingCoil.prefab","3168","1","0","LFS-VARIANT","CoolingCoil.prefab","0","True"
"0","0","C:\dev\_wt_s11_l6_prefabs\Assets\_Project\Prefabs\Moon1\Blender\CrackedFlagstone.prefab","3172","1","0","LFS-VARIANT","CrackedFlagstone.prefab","0","True"
"0","0","C:\dev\_wt_s11_l6_prefabs\Assets\_Project\Prefabs\Moon1\Blender\CrateLarge.prefab","3164","1","0","LFS-VARIANT","CrateLarge.prefab","0","True"
"0","0","C:\dev\_wt_s11_l6_prefabs\Assets\_Project\Prefabs\Moon1\Blender\CrateMed.prefab","3156","1","0","LFS-VARIANT","CrateMed.prefab","0","True"
"0","0","C:\dev\_wt_s11_l6_prefabs\Assets\_Project\Prefabs\Moon1\Blender\CrateSmall.prefab","3160","1","0","LFS-VARIANT","CrateSmall.prefab","0","True"
"0","0","C:\dev\_wt_s11_l6_prefabs\Assets\_Project\Prefabs\Moon1\Blender\Crossbow.prefab","3148","1","0","LFS-VARIANT","Crossbow.prefab","0","True"
"0","0","C:\dev\_wt_s11_l6_prefabs\Assets\_Project\Prefabs\Moon1\Blender\CrownOfResonance.prefab","3172","1","0","LFS-VARIANT","CrownOfResonance.prefab","0","True"
"0","0","C:\dev\_wt_s11_l6_prefabs\Assets\_Project\Prefabs\Moon1\Blender\CrystalCluster.prefab","3184","1","0","LFS-VARIANT","CrystalCluster.prefab","0","True"
"0","0","C:\dev\_wt_s11_l6_prefabs\Assets\_Project\Prefabs\Moon1\Blender\CrystalHall.prefab","3152","1","0","LFS-VARIANT","CrystalHall.prefab","0","True"
"0","0","C:\dev\_wt_s11_l6_prefabs\Assets\_Project\Prefabs\Moon1\Blender\CrystalSentry.prefab","3172","1","0","LFS-VARIANT","CrystalSentry.prefab","0","True"
"0","0","C:\dev\_wt_s11_l6_prefabs\Assets\_Project\Prefabs\Moon1\Blender\CrystalThrone.prefab","3164","1","0","LFS-VARIANT","CrystalThrone.prefab","0","True"
"0","0","C:\dev\_wt_s11_l6_prefabs\Assets\_Project\Prefabs\Moon1\Blender\CuttingBoard.prefab","3152","1","0","LFS-VARIANT","CuttingBoard.prefab","0","True"
"0","0","C:\dev\_wt_s11_l6_prefabs\Assets\_Project\Prefabs\Moon1\Blender\CymaticGardenBed.prefab","3160","1","0","LFS-VARIANT","CymaticGardenBed.prefab","0","True"
"0","0","C:\dev\_wt_s11_l6_prefabs\Assets\_Project\Prefabs\Moon1\Blender\CymaticTray.prefab","3152","1","0","LFS-VARIANT","CymaticTray.prefab","0","True"
"0","0","C:\dev\_wt_s11_l6_prefabs\Assets\_Project\Prefabs\Moon1\Blender\Cypress.prefab","3148","1","0","LFS-VARIANT","Cypress.prefab","0","True"
"0","0","C:\dev\_wt_s11_l6_prefabs\Assets\_Project\Prefabs\Moon1\Blender\Dagger.prefab","3148","1","0","LFS-VARIANT","Dagger.prefab","0","True"
"0","0","C:\dev\_wt_s11_l6_prefabs\Assets\_Project\Prefabs\Moon1\Blender\DeadOak.prefab","3156","1","0","LFS-VARIANT","DeadOak.prefab","0","True"
"0","0","C:\dev\_wt_s11_l6_prefabs\Assets\_Project\Prefabs\Moon1\Blender\Didgeridoo.prefab","3168","1","0","LFS-VARIANT","Didgeridoo.prefab","0","True"
"0","0","C:\dev\_wt_s11_l6_prefabs\Assets\_Project\Prefabs\Moon1\Blender\DissonanceCrystal_Black.prefab","3180","1","0","LFS-VARIANT","DissonanceCrystal_Black.prefab","0","True"
"0","0","C:\dev\_wt_s11_l6_prefabs\Assets\_Project\Prefabs\Moon1\Blender\DissonanceCrystal_Green.prefab","3180","1","0","LFS-VARIANT","DissonanceCrystal_Green.prefab","0","True"
"0","0","C:\dev\_wt_s11_l6_prefabs\Assets\_Project\Prefabs\Moon1\Blender\DissonanceCrystal_Red.prefab","3188","1","0","LFS-VARIANT","DissonanceCrystal_Red.prefab","0","True"
"0","0","C:\dev\_wt_s11_l6_prefabs\Assets\_Project\Prefabs\Moon1\Blender\DissonanceCrystal.prefab","3200","1","0","LFS-VARIANT","DissonanceCrystal.prefab","0","True"
"0","0","C:\dev\_wt_s11_l6_prefabs\Assets\_Project\Prefabs\Moon1\Blender\DistillationTower.prefab","3176","1","0","LFS-VARIANT","DistillationTower.prefab","0","True"
"0","0","C:\dev\_wt_s11_l6_prefabs\Assets\_Project\Prefabs\Moon1\Blender\DomedRotunda.prefab","3152","1","0","LFS-VARIANT","DomedRotunda.prefab","0","True"
"0","0","C:\dev\_wt_s11_l6_prefabs\Assets\_Project\Prefabs\Moon1\Blender\Donkey.prefab","3168","1","0","LFS-VARIANT","Donkey.prefab","0","True"
"0","0","C:\dev\_wt_s11_l6_prefabs\Assets\_Project\Prefabs\Moon1\Blender\DoorwayWithDoor.prefab","3156","1","0","LFS-VARIANT","DoorwayWithDoor.prefab","0","True"
"0","0","C:\dev\_wt_s11_l6_prefabs\Assets\_Project\Prefabs\Moon1\Blender\Dormer.prefab","3148","1","0","LFS-VARIANT","Dormer.prefab","0","True"
"0","0","C:\dev\_wt_s11_l6_prefabs\Assets\_Project\Prefabs\Moon1\Blender\Dragonfly.prefab","3168","1","0","LFS-VARIANT","Dragonfly.prefab","0","True"
"0","0","C:\dev\_wt_s11_l6_prefabs\Assets\_Project\Prefabs\Moon1\Blender\Eagle.prefab","3148","1","0","LFS-VARIANT","Eagle.prefab","0","True"
"0","0","C:\dev\_wt_s11_l6_prefabs\Assets\_Project\Prefabs\Moon1\Blender\EchohavenBrazier.prefab","3156","1","0","LFS-VARIANT","EchohavenBrazier.prefab","0","True"
"0","0","C:\dev\_wt_s11_l6_prefabs\Assets\_Project\Prefabs\Moon1\Blender\EyeOfProvidenceRelief.prefab","3172","1","0","LFS-VARIANT","EyeOfProvidenceRelief.prefab","0","True"
"0","0","C:\dev\_wt_s11_l6_prefabs\Assets\_Project\Prefabs\Moon1\Blender\FallenLog.prefab","3152","1","0","LFS-VARIANT","FallenLog.prefab","0","True"
"0","0","C:\dev\_wt_s11_l6_prefabs\Assets\_Project\Prefabs\Moon1\Blender\FencePanel.prefab","3152","1","0","LFS-VARIANT","FencePanel.prefab","0","True"
"0","0","C:\dev\_wt_s11_l6_prefabs\Assets\_Project\Prefabs\Moon1\Blender\Fern.prefab","3176","1","0","LFS-VARIANT","Fern.prefab","0","True"
"0","0","C:\dev\_wt_s11_l6_prefabs\Assets\_Project\Prefabs\Moon1\Blender\Fiddle.prefab","3156","1","0","LFS-VARIANT","Fiddle.prefab","0","True"
"0","0","C:\dev\_wt_s11_l6_prefabs\Assets\_Project\Prefabs\Moon1\Blender\Finial.prefab","3148","1","0","LFS-VARIANT","Finial.prefab","0","True"
"0","0","C:\dev\_wt_s11_l6_prefabs\Assets\_Project\Prefabs\Moon1\Blender\FireplaceHearth.prefab","3156","1","0","LFS-VARIANT","FireplaceHearth.prefab","0","True"
"0","0","C:\dev\_wt_s11_l6_prefabs\Assets\_Project\Prefabs\Moon1\Blender\FishBass.prefab","3164","1","0","LFS-VARIANT","FishBass.prefab","0","True"
"0","0","C:\dev\_wt_s11_l6_prefabs\Assets\_Project\Prefabs\Moon1\Blender\FishKoi.prefab","3164","1","0","LFS-VARIANT","FishKoi.prefab","0","True"
"0","0","C:\dev\_wt_s11_l6_prefabs\Assets\_Project\Prefabs\Moon1\Blender\FishTrout.prefab","3168","1","0","LFS-VARIANT","FishTrout.prefab","0","True"
"0","0","C:\dev\_wt_s11_l6_prefabs\Assets\_Project\Prefabs\Moon1\Blender\FloatingTome.prefab","3152","1","0","LFS-VARIANT","FloatingTome.prefab","0","True"
"0","0","C:\dev\_wt_s11_l6_prefabs\Assets\_Project\Prefabs\Moon1\Blender\Flute.prefab","3156","1","0","LFS-VARIANT","Flute.prefab","0","True"
"0","0","C:\dev\_wt_s11_l6_prefabs\Assets\_Project\Prefabs\Moon1\Blender\FlyingButtress.prefab","3156","1","0","LFS-VARIANT","FlyingButtress.prefab","0","True"
"0","0","C:\dev\_wt_s11_l6_prefabs\Assets\_Project\Prefabs\Moon1\Blender\ForgeBellows.prefab","3168","1","0","LFS-VARIANT","ForgeBellows.prefab","0","True"
"0","0","C:\dev\_wt_s11_l6_prefabs\Assets\_Project\Prefabs\Moon1\Blender\ForgeHammer.prefab","3152","1","0","LFS-VARIANT","ForgeHammer.prefab","0","True"
"0","0","C:\dev\_wt_s11_l6_prefabs\Assets\_Project\Prefabs\Moon1\Blender\FountainHead.prefab","3148","1","0","LFS-VARIANT","FountainHead.prefab","0","True"
"0","0","C:\dev\_wt_s11_l6_prefabs\Assets\_Project\Prefabs\Moon1\Blender\FrequencySliderStand.prefab","3160","1","0","LFS-VARIANT","FrequencySliderStand.prefab","0","True"
"0","0","C:\dev\_wt_s11_l6_prefabs\Assets\_Project\Prefabs\Moon1\Blender\Frog.prefab","3160","1","0","LFS-VARIANT","Frog.prefab","0","True"
"0","0","C:\dev\_wt_s11_l6_prefabs\Assets\_Project\Prefabs\Moon1\Blender\FryingPan.prefab","3168","1","0","LFS-VARIANT","FryingPan.prefab","0","True"
"0","0","C:\dev\_wt_s11_l6_prefabs\Assets\_Project\Prefabs\Moon1\Blender\GableEnd.prefab","3148","1","0","LFS-VARIANT","GableEnd.prefab","0","True"
"0","0","C:\dev\_wt_s11_l6_prefabs\Assets\_Project\Prefabs\Moon1\Blender\GardenStatueCherub.prefab","3176","1","0","LFS-VARIANT","GardenStatueCherub.prefab","0","True"
"0","0","C:\dev\_wt_s11_l6_prefabs\Assets\_Project\Prefabs\Moon1\Blender\Gargoyle.prefab","3148","1","0","LFS-VARIANT","Gargoyle.prefab","0","True"
"0","0","C:\dev\_wt_s11_l6_prefabs\Assets\_Project\Prefabs\Moon1\Blender\Gate.prefab","3144","1","0","LFS-VARIANT","Gate.prefab","0","True"
"0","0","C:\dev\_wt_s11_l6_prefabs\Assets\_Project\Prefabs\Moon1\Blender\GauntletsPair.prefab","3156","1","0","LFS-VARIANT","GauntletsPair.prefab","0","True"
"0","0","C:\dev\_wt_s11_l6_prefabs\Assets\_Project\Prefabs\Moon1\Blender\GiantAnvil.prefab","3152","1","0","LFS-VARIANT","GiantAnvil.prefab","0","True"
"0","0","C:\dev\_wt_s11_l6_prefabs\Assets\_Project\Prefabs\Moon1\Blender\GiantForge.prefab","3152","1","0","LFS-VARIANT","GiantForge.prefab","0","True"
"0","0","C:\dev\_wt_s11_l6_prefabs\Assets\_Project\Prefabs\Moon1\Blender\GiantSkeletonKey.prefab","3156","1","0","LFS-VARIANT","GiantSkeletonKey.prefab","0","True"
"0","0","C:\dev\_wt_s11_l6_prefabs\Assets\_Project\Prefabs\Moon1\Blender\GlassArmonica.prefab","3172","1","0","LFS-VARIANT","GlassArmonica.prefab","0","True"
"0","0","C:\dev\_wt_s11_l6_prefabs\Assets\_Project\Prefabs\Moon1\Blender\GlowingFlowerPatch.prefab","3176","1","0","LFS-VARIANT","GlowingFlowerPatch.prefab","0","True"
"0","0","C:\dev\_wt_s11_l6_prefabs\Assets\_Project\Prefabs\Moon1\Blender\GoldenBoughTree.prefab","3176","1","0","LFS-VARIANT","GoldenBoughTree.prefab","0","True"
"0","0","C:\dev\_wt_s11_l6_prefabs\Assets\_Project\Prefabs\Moon1\Blender\Gong.prefab","3144","1","0","LFS-VARIANT","Gong.prefab","0","True"
"0","0","C:\dev\_wt_s11_l6_prefabs\Assets\_Project\Prefabs\Moon1\Blender\GrainSack.prefab","3152","1","0","LFS-VARIANT","GrainSack.prefab","0","True"
"0","0","C:\dev\_wt_s11_l6_prefabs\Assets\_Project\Prefabs\Moon1\Blender\GrandBellLarge.prefab","3156","1","0","LFS-VARIANT","GrandBellLarge.prefab","0","True"
"0","0","C:\dev\_wt_s11_l6_prefabs\Assets\_Project\Prefabs\Moon1\Blender\GrandBellTower.prefab","3164","1","0","LFS-VARIANT","GrandBellTower.prefab","0","True"
"0","0","C:\dev\_wt_s11_l6_prefabs\Assets\_Project\Prefabs\Moon1\Blender\GreavesPair.prefab","3152","1","0","LFS-VARIANT","GreavesPair.prefab","0","True"
"0","0","C:\dev\_wt_s11_l6_prefabs\Assets\_Project\Prefabs\Moon1\Blender\Greenhouse.prefab","3160","1","0","LFS-VARIANT","Greenhouse.prefab","0","True"
"0","0","C:\dev\_wt_s11_l6_prefabs\Assets\_Project\Prefabs\Moon1\Blender\GridIntersection.prefab","3164","1","0","LFS-VARIANT","GridIntersection.prefab","0","True"
"0","0","C:\dev\_wt_s11_l6_prefabs\Assets\_Project\Prefabs\Moon1\Blender\Hammer.prefab","3148","1","0","LFS-VARIANT","Hammer.prefab","0","True"
"0","0","C:\dev\_wt_s11_l6_prefabs\Assets\_Project\Prefabs\Moon1\Blender\HandDrum.prefab","3148","1","0","LFS-VARIANT","HandDrum.prefab","0","True"
"0","0","C:\dev\_wt_s11_l6_prefabs\Assets\_Project\Prefabs\Moon1\Blender\HangingChain.prefab","3176","1","0","LFS-VARIANT","HangingChain.prefab","0","True"
"0","0","C:\dev\_wt_s11_l6_prefabs\Assets\_Project\Prefabs\Moon1\Blender\HangingLantern.prefab","3156","1","0","LFS-VARIANT","HangingLantern.prefab","0","True"
"0","0","C:\dev\_wt_s11_l6_prefabs\Assets\_Project\Prefabs\Moon1\Blender\HangingMoss.prefab","3152","1","0","LFS-VARIANT","HangingMoss.prefab","0","True"
"0","0","C:\dev\_wt_s11_l6_prefabs\Assets\_Project\Prefabs\Moon1\Blender\HarmonicTile_Flower.prefab","3168","1","0","LFS-VARIANT","HarmonicTile_Flower.prefab","0","True"
"0","0","C:\dev\_wt_s11_l6_prefabs\Assets\_Project\Prefabs\Moon1\Blender\HarmonicTile_Spiral.prefab","3176","1","0","LFS-VARIANT","HarmonicTile_Spiral.prefab","0","True"
"0","0","C:\dev\_wt_s11_l6_prefabs\Assets\_Project\Prefabs\Moon1\Blender\HarmonicTile_Square.prefab","3192","1","0","LFS-VARIANT","HarmonicTile_Square.prefab","0","True"
"0","0","C:\dev\_wt_s11_l6_prefabs\Assets\_Project\Prefabs\Moon1\Blender\Harp.prefab","3164","1","0","LFS-VARIANT","Harp.prefab","0","True"
"0","0","C:\dev\_wt_s11_l6_prefabs\Assets\_Project\Prefabs\Moon1\Blender\HawthornTree.prefab","3160","1","0","LFS-VARIANT","HawthornTree.prefab","0","True"
"0","0","C:\dev\_wt_s11_l6_prefabs\Assets\_Project\Prefabs\Moon1\Blender\HelmKnight.prefab","3152","1","0","LFS-VARIANT","HelmKnight.prefab","0","True"
"0","0","C:\dev\_wt_s11_l6_prefabs\Assets\_Project\Prefabs\Moon1\Blender\HelmPot.prefab","3148","1","0","LFS-VARIANT","HelmPot.prefab","0","True"
"0","0","C:\dev\_wt_s11_l6_prefabs\Assets\_Project\Prefabs\Moon1\Blender\HelmRoman.prefab","3152","1","0","LFS-VARIANT","HelmRoman.prefab","0","True"
"0","0","C:\dev\_wt_s11_l6_prefabs\Assets\_Project\Prefabs\Moon1\Blender\HeraldicShield.prefab","3156","1","0","LFS-VARIANT","HeraldicShield.prefab","0","True"
"0","0","C:\dev\_wt_s11_l6_prefabs\Assets\_Project\Prefabs\Moon1\Blender\HollowKnight.prefab","3152","1","0","LFS-VARIANT","HollowKnight.prefab","0","True"
"0","0","C:\dev\_wt_s11_l6_prefabs\Assets\_Project\Prefabs\Moon1\Blender\Horse.prefab","3164","1","0","LFS-VARIANT","Horse.prefab","0","True"
"0","0","C:\dev\_wt_s11_l6_prefabs\Assets\_Project\Prefabs\Moon1\Blender\Hourglass.prefab","3164","1","0","LFS-VARIANT","Hourglass.prefab","0","True"
"0","0","C:\dev\_wt_s11_l6_prefabs\Assets\_Project\Prefabs\Moon1\Blender\IngotMold.prefab","3152","1","0","LFS-VARIANT","IngotMold.prefab","0","True"
"0","0","C:\dev\_wt_s11_l6_prefabs\Assets\_Project\Prefabs\Moon1\Blender\IvyVine.prefab","3160","1","0","LFS-VARIANT","IvyVine.prefab","0","True"
"0","0","C:\dev\_wt_s11_l6_prefabs\Assets\_Project\Prefabs\Moon1\Blender\JarClay.prefab","3148","1","0","LFS-VARIANT","JarClay.prefab","0","True"
"0","0","C:\dev\_wt_s11_l6_prefabs\Assets\_Project\Prefabs\Moon1\Blender\Javelin.prefab","3156","1","0","LFS-VARIANT","Javelin.prefab","0","True"
"0","0","C:\dev\_wt_s11_l6_prefabs\Assets\_Project\Prefabs\Moon1\Blender\Kalimba.prefab","3148","1","0","LFS-VARIANT","Kalimba.prefab","0","True"
"0","0","C:\dev\_wt_s11_l6_prefabs\Assets\_Project\Prefabs\Moon1\Blender\Kettle.prefab","3152","1","0","LFS-VARIANT","Kettle.prefab","0","True"
"0","0","C:\dev\_wt_s11_l6_prefabs\Assets\_Project\Prefabs\Moon1\Blender\KiteShield.prefab","3152","1","0","LFS-VARIANT","KiteShield.prefab","0","True"
"0","0","C:\dev\_wt_s11_l6_prefabs\Assets\_Project\Prefabs\Moon1\Blender\KnifeBlock.prefab","3152","1","0","LFS-VARIANT","KnifeBlock.prefab","0","True"
"0","0","C:\dev\_wt_s11_l6_prefabs\Assets\_Project\Prefabs\Moon1\Blender\KnowledgeColumnGlowing.prefab","3164","1","0","LFS-VARIANT","KnowledgeColumnGlowing.prefab","0","True"
"0","0","C:\dev\_wt_s11_l6_prefabs\Assets\_Project\Prefabs\Moon1\Blender\KnowledgePodium.prefab","3156","1","0","LFS-VARIANT","KnowledgePodium.prefab","0","True"
"0","0","C:\dev\_wt_s11_l6_prefabs\Assets\_Project\Prefabs\Moon1\Blender\Ladder.prefab","3148","1","0","LFS-VARIANT","Ladder.prefab","0","True"
"0","0","C:\dev\_wt_s11_l6_prefabs\Assets\_Project\Prefabs\Moon1\Blender\LadderFolded.prefab","3152","1","0","LFS-VARIANT","LadderFolded.prefab","0","True"
"0","0","C:\dev\_wt_s11_l6_prefabs\Assets\_Project\Prefabs\Moon1\Blender\Ladle.prefab","3156","1","0","LFS-VARIANT","Ladle.prefab","0","True"
"0","0","C:\dev\_wt_s11_l6_prefabs\Assets\_Project\Prefabs\Moon1\Blender\LeafPile.prefab","3176","1","0","LFS-VARIANT","LeafPile.prefab","0","True"
"0","0","C:\dev\_wt_s11_l6_prefabs\Assets\_Project\Prefabs\Moon1\Blender\LeyLineNode.prefab","3152","1","0","LFS-VARIANT","LeyLineNode.prefab","0","True"
"0","0","C:\dev\_wt_s11_l6_prefabs\Assets\_Project\Prefabs\Moon1\Blender\Lighthouse.prefab","3152","1","0","LFS-VARIANT","Lighthouse.prefab","0","True"
"0","0","C:\dev\_wt_s11_l6_prefabs\Assets\_Project\Prefabs\Moon1\Blender\LilyPad.prefab","3148","1","0","LFS-VARIANT","LilyPad.prefab","0","True"
"0","0","C:\dev\_wt_s11_l6_prefabs\Assets\_Project\Prefabs\Moon1\Blender\LiraelGuardian.prefab","3160","1","0","LFS-VARIANT","LiraelGuardian.prefab","0","True"
"0","0","C:\dev\_wt_s11_l6_prefabs\Assets\_Project\Prefabs\Moon1\Blender\LivingBookcase.prefab","3156","1","0","LFS-VARIANT","LivingBookcase.prefab","0","True"
"0","0","C:\dev\_wt_s11_l6_prefabs\Assets\_Project\Prefabs\Moon1\Blender\LockedStrongbox.prefab","3156","1","0","LFS-VARIANT","LockedStrongbox.prefab","0","True"
"0","0","C:\dev\_wt_s11_l6_prefabs\Assets\_Project\Prefabs\Moon1\Blender\LongBench.prefab","3152","1","0","LFS-VARIANT","LongBench.prefab","0","True"
"0","0","C:\dev\_wt_s11_l6_prefabs\Assets\_Project\Prefabs\Moon1\Blender\LongDiningTable.prefab","3156","1","0","LFS-VARIANT","LongDiningTable.prefab","0","True"
"0","0","C:\dev\_wt_s11_l6_prefabs\Assets\_Project\Prefabs\Moon1\Blender\LongSword.prefab","3152","1","0","LFS-VARIANT","LongSword.prefab","0","True"
"0","0","C:\dev\_wt_s11_l6_prefabs\Assets\_Project\Prefabs\Moon1\Blender\Loom.prefab","3168","1","0","LFS-VARIANT","Loom.prefab","0","True"
"0","0","C:\dev\_wt_s11_l6_prefabs\Assets\_Project\Prefabs\Moon1\Blender\LoreArtifactScroll.prefab","3160","1","0","LFS-VARIANT","LoreArtifactScroll.prefab","0","True"
"0","0","C:\dev\_wt_s11_l6_prefabs\Assets\_Project\Prefabs\Moon1\Blender\LotusFlower.prefab","3152","1","0","LFS-VARIANT","LotusFlower.prefab","0","True"
"0","0","C:\dev\_wt_s11_l6_prefabs\Assets\_Project\Prefabs\Moon1\Blender\LullabyCrystal.prefab","3156","1","0","LFS-VARIANT","LullabyCrystal.prefab","0","True"
"0","0","C:\dev\_wt_s11_l6_prefabs\Assets\_Project\Prefabs\Moon1\Blender\LunarPhaseWheel.prefab","3156","1","0","LFS-VARIANT","LunarPhaseWheel.prefab","0","True"
"0","0","C:\dev\_wt_s11_l6_prefabs\Assets\_Project\Prefabs\Moon1\Blender\Lute.prefab","3144","1","0","LFS-VARIANT","Lute.prefab","0","True"
"0","0","C:\dev\_wt_s11_l6_prefabs\Assets\_Project\Prefabs\Moon1\Blender\Mace.prefab","3144","1","0","LFS-VARIANT","Mace.prefab","0","True"
"0","0","C:\dev\_wt_s11_l6_prefabs\Assets\_Project\Prefabs\Moon1\Blender\MagnoliaTree.prefab","3152","1","0","LFS-VARIANT","MagnoliaTree.prefab","0","True"
"0","0","C:\dev\_wt_s11_l6_prefabs\Assets\_Project\Prefabs\Moon1\Blender\MercurialPool.prefab","3172","1","0","LFS-VARIANT","MercurialPool.prefab","0","True"
"0","0","C:\dev\_wt_s11_l6_prefabs\Assets\_Project\Prefabs\Moon1\Blender\MercuryBallSpireHero.prefab","3156","1","0","LFS-VARIANT","MercuryBallSpireHero.prefab","0","True"
"0","0","C:\dev\_wt_s11_l6_prefabs\Assets\_Project\Prefabs\Moon1\Blender\MetalBucket.prefab","3156","1","0","LFS-VARIANT","MetalBucket.prefab","0","True"
"0","0","C:\dev\_wt_s11_l6_prefabs\Assets\_Project\Prefabs\Moon1\Blender\MicroGiantPortal.prefab","3164","1","0","LFS-VARIANT","MicroGiantPortal.prefab","0","True"
"0","0","C:\dev\_wt_s11_l6_prefabs\Assets\_Project\Prefabs\Moon1\Blender\MiloBoy.prefab","3152","1","0","LFS-VARIANT","MiloBoy.prefab","0","True"
"0","0","C:\dev\_wt_s11_l6_prefabs\Assets\_Project\Prefabs\Moon1\Blender\MiloSatchelAndLantern.prefab","3164","1","0","LFS-VARIANT","MiloSatchelAndLantern.prefab","0","True"
"0","0","C:\dev\_wt_s11_l6_prefabs\Assets\_Project\Prefabs\Moon1\Blender\MortarAndPestle.prefab","3156","1","0","LFS-VARIANT","MortarAndPestle.prefab","0","True"
"0","0","C:\dev\_wt_s11_l6_prefabs\Assets\_Project\Prefabs\Moon1\Blender\MudGolem.prefab","3148","1","0","LFS-VARIANT","MudGolem.prefab","0","True"
"0","0","C:\dev\_wt_s11_l6_prefabs\Assets\_Project\Prefabs\Moon1\Blender\MudPoolBasin.prefab","3152","1","0","LFS-VARIANT","MudPoolBasin.prefab","0","True"
"0","0","C:\dev\_wt_s11_l6_prefabs\Assets\_Project\Prefabs\Moon1\Blender\MudPoolResonancePad.prefab","3172","1","0","LFS-VARIANT","MudPoolResonancePad.prefab","0","True"
"0","0","C:\dev\_wt_s11_l6_prefabs\Assets\_Project\Prefabs\Moon1\Blender\Mule.prefab","3164","1","0","LFS-VARIANT","Mule.prefab","0","True"
"0","0","C:\dev\_wt_s11_l6_prefabs\Assets\_Project\Prefabs\Moon1\Blender\MushroomBlueGlow.prefab","3156","1","0","LFS-VARIANT","MushroomBlueGlow.prefab","0","True"
"0","0","C:\dev\_wt_s11_l6_prefabs\Assets\_Project\Prefabs\Moon1\Blender\MushroomCluster.prefab","3156","1","0","LFS-VARIANT","MushroomCluster.prefab","0","True"
"0","0","C:\dev\_wt_s11_l6_prefabs\Assets\_Project\Prefabs\Moon1\Blender\MushroomRed.prefab","3164","1","0","LFS-VARIANT","MushroomRed.prefab","0","True"
"0","0","C:\dev\_wt_s11_l6_prefabs\Assets\_Project\Prefabs\Moon1\Blender\MusicBox.prefab","3164","1","0","LFS-VARIANT","MusicBox.prefab","0","True"
"0","0","C:\dev\_wt_s11_l6_prefabs\Assets\_Project\Prefabs\Moon1\Blender\NexusObelisk.prefab","3152","1","0","LFS-VARIANT","NexusObelisk.prefab","0","True"
"0","0","C:\dev\_wt_s11_l6_prefabs\Assets\_Project\Prefabs\Moon1\Blender\NightStand.prefab","3152","1","0","LFS-VARIANT","NightStand.prefab","0","True"
"0","0","C:\dev\_wt_s11_l6_prefabs\Assets\_Project\Prefabs\Moon1\Blender\OakTree.prefab","3148","1","0","LFS-VARIANT","OakTree.prefab","0","True"
"0","0","C:\dev\_wt_s11_l6_prefabs\Assets\_Project\Prefabs\Moon1\Blender\Observatory.prefab","3160","1","0","LFS-VARIANT","Observatory.prefab","0","True"
"0","0","C:\dev\_wt_s11_l6_prefabs\Assets\_Project\Prefabs\Moon1\Blender\ObservatoryDome.prefab","3164","1","0","LFS-VARIANT","ObservatoryDome.prefab","0","True"
"0","0","C:\dev\_wt_s11_l6_prefabs\Assets\_Project\Prefabs\Moon1\Blender\Ocarina.prefab","3148","1","0","LFS-VARIANT","Ocarina.prefab","0","True"
"0","0","C:\dev\_wt_s11_l6_prefabs\Assets\_Project\Prefabs\Moon1\Blender\OrphanChildBust.prefab","3156","1","0","LFS-VARIANT","OrphanChildBust.prefab","0","True"
"0","0","C:\dev\_wt_s11_l6_prefabs\Assets\_Project\Prefabs\Moon1\Blender\OrphanTrainCar.prefab","3156","1","0","LFS-VARIANT","OrphanTrainCar.prefab","0","True"
"0","0","C:\dev\_wt_s11_l6_prefabs\Assets\_Project\Prefabs\Moon1\Blender\OuroborosRingLarge.prefab","3160","1","0","LFS-VARIANT","OuroborosRingLarge.prefab","0","True"
"0","0","C:\dev\_wt_s11_l6_prefabs\Assets\_Project\Prefabs\Moon1\Blender\Owl.prefab","3144","1","0","LFS-VARIANT","Owl.prefab","0","True"
"0","0","C:\dev\_wt_s11_l6_prefabs\Assets\_Project\Prefabs\Moon1\Blender\Ox.prefab","3160","1","0","LFS-VARIANT","Ox.prefab","0","True"
"0","0","C:\dev\_wt_s11_l6_prefabs\Assets\_Project\Prefabs\Moon1\Blender\PaintingFrame.prefab","3156","1","0","LFS-VARIANT","PaintingFrame.prefab","0","True"
"0","0","C:\dev\_wt_s11_l6_prefabs\Assets\_Project\Prefabs\Moon1\Blender\Palanquin.prefab","3152","1","0","LFS-VARIANT","Palanquin.prefab","0","True"
"0","0","C:\dev\_wt_s11_l6_prefabs\Assets\_Project\Prefabs\Moon1\Blender\PalmTree.prefab","3156","1","0","LFS-VARIANT","PalmTree.prefab","0","True"
"0","0","C:\dev\_wt_s11_l6_prefabs\Assets\_Project\Prefabs\Moon1\Blender\PauldronsPair.prefab","3156","1","0","LFS-VARIANT","PauldronsPair.prefab","0","True"
"0","0","C:\dev\_wt_s11_l6_prefabs\Assets\_Project\Prefabs\Moon1\Blender\PeasantChair.prefab","3152","1","0","LFS-VARIANT","PeasantChair.prefab","0","True"
"0","0","C:\dev\_wt_s11_l6_prefabs\Assets\_Project\Prefabs\Moon1\Blender\PendulumWeight.prefab","3156","1","0","LFS-VARIANT","PendulumWeight.prefab","0","True"
"0","0","C:\dev\_wt_s11_l6_prefabs\Assets\_Project\Prefabs\Moon1\Blender\PentagramFloor.prefab","3188","1","0","LFS-VARIANT","PentagramFloor.prefab","0","True"
"0","0","C:\dev\_wt_s11_l6_prefabs\Assets\_Project\Prefabs\Moon1\Blender\Pickaxe.prefab","3164","1","0","LFS-VARIANT","Pickaxe.prefab","0","True"
"0","0","C:\dev\_wt_s11_l6_prefabs\Assets\_Project\Prefabs\Moon1\Blender\PillarCapital.prefab","3156","1","0","LFS-VARIANT","PillarCapital.prefab","0","True"
"0","0","C:\dev\_wt_s11_l6_prefabs\Assets\_Project\Prefabs\Moon1\Blender\PillarCorinthian.prefab","3156","1","0","LFS-VARIANT","PillarCorinthian.prefab","0","True"
"0","0","C:\dev\_wt_s11_l6_prefabs\Assets\_Project\Prefabs\Moon1\Blender\PillarDoric.prefab","3152","1","0","LFS-VARIANT","PillarDoric.prefab","0","True"
"0","0","C:\dev\_wt_s11_l6_prefabs\Assets\_Project\Prefabs\Moon1\Blender\PillarIonic.prefab","3152","1","0","LFS-VARIANT","PillarIonic.prefab","0","True"
"0","0","C:\dev\_wt_s11_l6_prefabs\Assets\_Project\Prefabs\Moon1\Blender\PineTree.prefab","3148","1","0","LFS-VARIANT","PineTree.prefab","0","True"
"0","0","C:\dev\_wt_s11_l6_prefabs\Assets\_Project\Prefabs\Moon1\Blender\PipeOrganCathedral.prefab","3160","1","0","LFS-VARIANT","PipeOrganCathedral.prefab","0","True"
"0","0","C:\dev\_wt_s11_l6_prefabs\Assets\_Project\Prefabs\Moon1\Blender\PlanetaryGrid.prefab","3156","1","0","LFS-VARIANT","PlanetaryGrid.prefab","0","True"
"0","0","C:\dev\_wt_s11_l6_prefabs\Assets\_Project\Prefabs\Moon1\Blender\PlanetaryNexusGlobe.prefab","3160","1","0","LFS-VARIANT","PlanetaryNexusGlobe.prefab","0","True"
"0","0","C:\dev\_wt_s11_l6_prefabs\Assets\_Project\Prefabs\Moon1\Blender\PocketWatch.prefab","3148","1","0","LFS-VARIANT","PocketWatch.prefab","0","True"
"0","0","C:\dev\_wt_s11_l6_prefabs\Assets\_Project\Prefabs\Moon1\Blender\PureWaterFont.prefab","3156","1","0","LFS-VARIANT","PureWaterFont.prefab","0","True"
"0","0","C:\dev\_wt_s11_l6_prefabs\Assets\_Project\Prefabs\Moon1\Blender\QuarterStaff.prefab","3152","1","0","LFS-VARIANT","QuarterStaff.prefab","0","True"
"0","0","C:\dev\_wt_s11_l6_prefabs\Assets\_Project\Prefabs\Moon1\Blender\Quiver.prefab","3148","1","0","LFS-VARIANT","Quiver.prefab","0","True"
"0","0","C:\dev\_wt_s11_l6_prefabs\Assets\_Project\Prefabs\Moon1\Blender\Raft.prefab","3140","1","0","LFS-VARIANT","Raft.prefab","0","True"
"0","0","C:\dev\_wt_s11_l6_prefabs\Assets\_Project\Prefabs\Moon1\Blender\RailTrackSegment.prefab","3196","1","0","LFS-VARIANT","RailTrackSegment.prefab","0","True"
"0","0","C:\dev\_wt_s11_l6_prefabs\Assets\_Project\Prefabs\Moon1\Blender\Ram.prefab","3160","1","0","LFS-VARIANT","Ram.prefab","0","True"
"0","0","C:\dev\_wt_s11_l6_prefabs\Assets\_Project\Prefabs\Moon1\Blender\RampartCannon.prefab","3164","1","0","LFS-VARIANT","RampartCannon.prefab","0","True"
"0","0","C:\dev\_wt_s11_l6_prefabs\Assets\_Project\Prefabs\Moon1\Blender\Rattle.prefab","3148","1","0","LFS-VARIANT","Rattle.prefab","0","True"
"0","0","C:\dev\_wt_s11_l6_prefabs\Assets\_Project\Prefabs\Moon1\Blender\Raven.prefab","3148","1","0","LFS-VARIANT","Raven.prefab","0","True"
"0","0","C:\dev\_wt_s11_l6_prefabs\Assets\_Project\Prefabs\Moon1\Blender\ResearchOrb.prefab","3160","1","0","LFS-VARIANT","ResearchOrb.prefab","0","True"
"0","0","C:\dev\_wt_s11_l6_prefabs\Assets\_Project\Prefabs\Moon1\Blender\ResetScout.prefab","3160","1","0","LFS-VARIANT","ResetScout.prefab","0","True"
"0","0","C:\dev\_wt_s11_l6_prefabs\Assets\_Project\Prefabs\Moon1\Blender\ResonanceAltar.prefab","3156","1","0","LFS-VARIANT","ResonanceAltar.prefab","0","True"
"0","0","C:\dev\_wt_s11_l6_prefabs\Assets\_Project\Prefabs\Moon1\Blender\ResonanceDrone.prefab","3168","1","0","LFS-VARIANT","ResonanceDrone.prefab","0","True"
"0","0","C:\dev\_wt_s11_l6_prefabs\Assets\_Project\Prefabs\Moon1\Blender\ResonanceLion.prefab","3148","1","0","LFS-VARIANT","ResonanceLion.prefab","0","True"
"0","0","C:\dev\_wt_s11_l6_prefabs\Assets\_Project\Prefabs\Moon1\Blender\ResonancePlate.prefab","3180","1","0","LFS-VARIANT","ResonancePlate.prefab","0","True"
"0","0","C:\dev\_wt_s11_l6_prefabs\Assets\_Project\Prefabs\Moon1\Blender\ResonanceTuningFork.prefab","3160","1","0","LFS-VARIANT","ResonanceTuningFork.prefab","0","True"
"0","0","C:\dev\_wt_s11_l6_prefabs\Assets\_Project\Prefabs\Moon1\Blender\Retort.prefab","3164","1","0","LFS-VARIANT","Retort.prefab","0","True"
"0","0","C:\dev\_wt_s11_l6_prefabs\Assets\_Project\Prefabs\Moon1\Blender\RopeCoil.prefab","3164","1","0","LFS-VARIANT","RopeCoil.prefab","0","True"
"0","0","C:\dev\_wt_s11_l6_prefabs\Assets\_Project\Prefabs\Moon1\Blender\RoseWindowCymatic.prefab","3160","1","0","LFS-VARIANT","RoseWindowCymatic.prefab","0","True"
"0","0","C:\dev\_wt_s11_l6_prefabs\Assets\_Project\Prefabs\Moon1\Blender\RoundShield.prefab","3184","1","0","LFS-VARIANT","RoundShield.prefab","0","True"
"0","0","C:\dev\_wt_s11_l6_prefabs\Assets\_Project\Prefabs\Moon1\Blender\RoundTable.prefab","3152","1","0","LFS-VARIANT","RoundTable.prefab","0","True"
"0","0","C:\dev\_wt_s11_l6_prefabs\Assets\_Project\Prefabs\Moon1\Blender\Rowboat.prefab","3144","1","0","LFS-VARIANT","Rowboat.prefab","0","True"
"0","0","C:\dev\_wt_s11_l6_prefabs\Assets\_Project\Prefabs\Moon1\Blender\RugWoven.prefab","3148","1","0","LFS-VARIANT","RugWoven.prefab","0","True"
"0","0","C:\dev\_wt_s11_l6_prefabs\Assets\_Project\Prefabs\Moon1\Blender\RuinedColumn.prefab","3152","1","0","LFS-VARIANT","RuinedColumn.prefab","0","True"
"0","0","C:\dev\_wt_s11_l6_prefabs\Assets\_Project\Prefabs\Moon1\Blender\RuinedFoundation.prefab","3156","1","0","LFS-VARIANT","RuinedFoundation.prefab","0","True"
"0","0","C:\dev\_wt_s11_l6_prefabs\Assets\_Project\Prefabs\Moon1\Blender\SackBurlap.prefab","3152","1","0","LFS-VARIANT","SackBurlap.prefab","0","True"
"0","0","C:\dev\_wt_s11_l6_prefabs\Assets\_Project\Prefabs\Moon1\Blender\SackCanvas.prefab","3152","1","0","LFS-VARIANT","SackCanvas.prefab","0","True"
"0","0","C:\dev\_wt_s11_l6_prefabs\Assets\_Project\Prefabs\Moon1\Blender\Sailboat.prefab","3172","1","0","LFS-VARIANT","Sailboat.prefab","0","True"
"0","0","C:\dev\_wt_s11_l6_prefabs\Assets\_Project\Prefabs\Moon1\Blender\ScaffoldPiece.prefab","3168","1","0","LFS-VARIANT","ScaffoldPiece.prefab","0","True"
"0","0","C:\dev\_wt_s11_l6_prefabs\Assets\_Project\Prefabs\Moon1\Blender\ScalarWaveResonator.prefab","3160","1","0","LFS-VARIANT","ScalarWaveResonator.prefab","0","True"
"0","0","C:\dev\_wt_s11_l6_prefabs\Assets\_Project\Prefabs\Moon1\Blender\Scepter.prefab","3148","1","0","LFS-VARIANT","Scepter.prefab","0","True"
"0","0","C:\dev\_wt_s11_l6_prefabs\Assets\_Project\Prefabs\Moon1\Blender\SephirothPillarTrio.prefab","3160","1","0","LFS-VARIANT","SephirothPillarTrio.prefab","0","True"
"0","0","C:\dev\_wt_s11_l6_prefabs\Assets\_Project\Prefabs\Moon1\Blender\SerpentLarge.prefab","3160","1","0","LFS-VARIANT","SerpentLarge.prefab","0","True"
"0","0","C:\dev\_wt_s11_l6_prefabs\Assets\_Project\Prefabs\Moon1\Blender\ShadowStalker.prefab","3164","1","0","LFS-VARIANT","ShadowStalker.prefab","0","True"
"0","0","C:\dev\_wt_s11_l6_prefabs\Assets\_Project\Prefabs\Moon1\Blender\ShortSword.prefab","3152","1","0","LFS-VARIANT","ShortSword.prefab","0","True"
"0","0","C:\dev\_wt_s11_l6_prefabs\Assets\_Project\Prefabs\Moon1\Blender\Shovel.prefab","3148","1","0","LFS-VARIANT","Shovel.prefab","0","True"
"0","0","C:\dev\_wt_s11_l6_prefabs\Assets\_Project\Prefabs\Moon1\Blender\SkeletonKeySlot.prefab","3156","1","0","LFS-VARIANT","SkeletonKeySlot.prefab","0","True"
"0","0","C:\dev\_wt_s11_l6_prefabs\Assets\_Project\Prefabs\Moon1\Blender\SkeletonRemains.prefab","3184","1","0","LFS-VARIANT","SkeletonRemains.prefab","0","True"
"0","0","C:\dev\_wt_s11_l6_prefabs\Assets\_Project\Prefabs\Moon1\Blender\SkyShrine.prefab","3152","1","0","LFS-VARIANT","SkyShrine.prefab","0","True"
"0","0","C:\dev\_wt_s11_l6_prefabs\Assets\_Project\Prefabs\Moon1\Blender\SkyTemple.prefab","3152","1","0","LFS-VARIANT","SkyTemple.prefab","0","True"
"0","0","C:\dev\_wt_s11_l6_prefabs\Assets\_Project\Prefabs\Moon1\Blender\Sled.prefab","3152","1","0","LFS-VARIANT","Sled.prefab","0","True"
"0","0","C:\dev\_wt_s11_l6_prefabs\Assets\_Project\Prefabs\Moon1\Blender\SnowDrift.prefab","3160","1","0","LFS-VARIANT","SnowDrift.prefab","0","True"
"0","0","C:\dev\_wt_s11_l6_prefabs\Assets\_Project\Prefabs\Moon1\Blender\SoldierStatue.prefab","3164","1","0","LFS-VARIANT","SoldierStatue.prefab","0","True"
"0","0","C:\dev\_wt_s11_l6_prefabs\Assets\_Project\Prefabs\Moon1\Blender\Sparrow.prefab","3148","1","0","LFS-VARIANT","Sparrow.prefab","0","True"
"0","0","C:\dev\_wt_s11_l6_prefabs\Assets\_Project\Prefabs\Moon1\Blender\SpellTome.prefab","3152","1","0","LFS-VARIANT","SpellTome.prefab","0","True"
"0","0","C:\dev\_wt_s11_l6_prefabs\Assets\_Project\Prefabs\Moon1\Blender\SpiceRack.prefab","3152","1","0","LFS-VARIANT","SpiceRack.prefab","0","True"
"0","0","C:\dev\_wt_s11_l6_prefabs\Assets\_Project\Prefabs\Moon1\Blender\SpinningWheel.prefab","3180","1","0","LFS-VARIANT","SpinningWheel.prefab","0","True"
"0","0","C:\dev\_wt_s11_l6_prefabs\Assets\_Project\Prefabs\Moon1\Blender\Staircase.prefab","3152","1","0","LFS-VARIANT","Staircase.prefab","0","True"
"0","0","C:\dev\_wt_s11_l6_prefabs\Assets\_Project\Prefabs\Moon1\Blender\StalactiteCluster.prefab","3176","1","0","LFS-VARIANT","StalactiteCluster.prefab","0","True"
"0","0","C:\dev\_wt_s11_l6_prefabs\Assets\_Project\Prefabs\Moon1\Blender\StandingMirror.prefab","3164","1","0","LFS-VARIANT","StandingMirror.prefab","0","True"
"0","0","C:\dev\_wt_s11_l6_prefabs\Assets\_Project\Prefabs\Moon1\Blender\StarBeacon.prefab","3152","1","0","LFS-VARIANT","StarBeacon.prefab","0","True"
"0","0","C:\dev\_wt_s11_l6_prefabs\Assets\_Project\Prefabs\Moon1\Blender\StarFortBastion.prefab","3168","1","0","LFS-VARIANT","StarFortBastion.prefab","0","True"
"0","0","C:\dev\_wt_s11_l6_prefabs\Assets\_Project\Prefabs\Moon1\Blender\StarMapTable.prefab","3168","1","0","LFS-VARIANT","StarMapTable.prefab","0","True"
"0","0","C:\dev\_wt_s11_l6_prefabs\Assets\_Project\Prefabs\Moon1\Blender\StoneCircle.prefab","3152","1","0","LFS-VARIANT","StoneCircle.prefab","0","True"
"0","0","C:\dev\_wt_s11_l6_prefabs\Assets\_Project\Prefabs\Moon1\Blender\StoneFireBrazier.prefab","3156","1","0","LFS-VARIANT","StoneFireBrazier.prefab","0","True"
"0","0","C:\dev\_wt_s11_l6_prefabs\Assets\_Project\Prefabs\Moon1\Blender\StoneUrn.prefab","3148","1","0","LFS-VARIANT","StoneUrn.prefab","0","True"
"0","0","C:\dev\_wt_s11_l6_prefabs\Assets\_Project\Prefabs\Moon1\Blender\StorageChest.prefab","3152","1","0","LFS-VARIANT","StorageChest.prefab","0","True"
"0","0","C:\dev\_wt_s11_l6_prefabs\Assets\_Project\Prefabs\Moon1\Blender\Stove.prefab","3148","1","0","LFS-VARIANT","Stove.prefab","0","True"
"0","0","C:\dev\_wt_s11_l6_prefabs\Assets\_Project\Prefabs\Moon1\Blender\Sundial.prefab","3160","1","0","LFS-VARIANT","Sundial.prefab","0","True"
"0","0","C:\dev\_wt_s11_l6_prefabs\Assets\_Project\Prefabs\Moon1\Blender\Sunflower.prefab","3176","1","0","LFS-VARIANT","Sunflower.prefab","0","True"
"0","0","C:\dev\_wt_s11_l6_prefabs\Assets\_Project\Prefabs\Moon1\Blender\TableLantern.prefab","3152","1","0","LFS-VARIANT","TableLantern.prefab","0","True"
"0","0","C:\dev\_wt_s11_l6_prefabs\Assets\_Project\Prefabs\Moon1\Blender\Tambourine.prefab","3160","1","0","LFS-VARIANT","Tambourine.prefab","0","True"
"0","0","C:\dev\_wt_s11_l6_prefabs\Assets\_Project\Prefabs\Moon1\Blender\Tapestry.prefab","3180","1","0","LFS-VARIANT","Tapestry.prefab","0","True"
"0","0","C:\dev\_wt_s11_l6_prefabs\Assets\_Project\Prefabs\Moon1\Blender\Telescope.prefab","3152","1","0","LFS-VARIANT","Telescope.prefab","0","True"
"0","0","C:\dev\_wt_s11_l6_prefabs\Assets\_Project\Prefabs\Moon1\Blender\TelescopeBrass.prefab","3156","1","0","LFS-VARIANT","TelescopeBrass.prefab","0","True"
"0","0","C:\dev\_wt_s11_l6_prefabs\Assets\_Project\Prefabs\Moon1\Blender\TempleBellLantern.prefab","3160","1","0","LFS-VARIANT","TempleBellLantern.prefab","0","True"
"0","0","C:\dev\_wt_s11_l6_prefabs\Assets\_Project\Prefabs\Moon1\Blender\Theremin.prefab","3148","1","0","LFS-VARIANT","Theremin.prefab","0","True"
"0","0","C:\dev\_wt_s11_l6_prefabs\Assets\_Project\Prefabs\Moon1\Blender\ThirteenthCrescendoOrb.prefab","3164","1","0","LFS-VARIANT","ThirteenthCrescendoOrb.prefab","0","True"
"0","0","C:\dev\_wt_s11_l6_prefabs\Assets\_Project\Prefabs\Moon1\Blender\ThreeLeggedStool.prefab","3180","1","0","LFS-VARIANT","ThreeLeggedStool.prefab","0","True"
"0","0","C:\dev\_wt_s11_l6_prefabs\Assets\_Project\Prefabs\Moon1\Blender\ThroneOfSeven.prefab","3156","1","0","LFS-VARIANT","ThroneOfSeven.prefab","0","True"
"0","0","C:\dev\_wt_s11_l6_prefabs\Assets\_Project\Prefabs\Moon1\Blender\TollerStaff.prefab","3152","1","0","LFS-VARIANT","TollerStaff.prefab","0","True"
"0","0","C:\dev\_wt_s11_l6_prefabs\Assets\_Project\Prefabs\Moon1\Blender\TorchOnPost.prefab","3160","1","0","LFS-VARIANT","TorchOnPost.prefab","0","True"
"0","0","C:\dev\_wt_s11_l6_prefabs\Assets\_Project\Prefabs\Moon1\Blender\TownHall.prefab","3156","1","0","LFS-VARIANT","TownHall.prefab","0","True"
"0","0","C:\dev\_wt_s11_l6_prefabs\Assets\_Project\Prefabs\Moon1\Blender\TreeStump.prefab","3152","1","0","LFS-VARIANT","TreeStump.prefab","0","True"
"0","0","C:\dev\_wt_s11_l6_prefabs\Assets\_Project\Prefabs\Moon1\Blender\TriskeleTile.prefab","3168","1","0","LFS-VARIANT","TriskeleTile.prefab","0","True"
"0","0","C:\dev\_wt_s11_l6_prefabs\Assets\_Project\Prefabs\Moon1\Blender\TuningBell_High.prefab","3156","1","0","LFS-VARIANT","TuningBell_High.prefab","0","True"
"0","0","C:\dev\_wt_s11_l6_prefabs\Assets\_Project\Prefabs\Moon1\Blender\TuningBell_Low.prefab","3156","1","0","LFS-VARIANT","TuningBell_Low.prefab","0","True"
"0","0","C:\dev\_wt_s11_l6_prefabs\Assets\_Project\Prefabs\Moon1\Blender\TuningBell_Mid.prefab","3156","1","0","LFS-VARIANT","TuningBell_Mid.prefab","0","True"
"0","0","C:\dev\_wt_s11_l6_prefabs\Assets\_Project\Prefabs\Moon1\Blender\TuningForkLarge_D4.prefab","3160","1","0","LFS-VARIANT","TuningForkLarge_D4.prefab","0","True"
"0","0","C:\dev\_wt_s11_l6_prefabs\Assets\_Project\Prefabs\Moon1\Blender\TuningForkMed_A3.prefab","3156","1","0","LFS-VARIANT","TuningForkMed_A3.prefab","0","True"
"0","0","C:\dev\_wt_s11_l6_prefabs\Assets\_Project\Prefabs\Moon1\Blender\TuningForkSmall_E3.prefab","3168","1","0","LFS-VARIANT","TuningForkSmall_E3.prefab","0","True"
"0","0","C:\dev\_wt_s11_l6_prefabs\Assets\_Project\Prefabs\Moon1\Blender\TuningPedestal.prefab","3156","1","0","LFS-VARIANT","TuningPedestal.prefab","0","True"
"0","0","C:\dev\_wt_s11_l6_prefabs\Assets\_Project\Prefabs\Moon1\Blender\Turtle.prefab","3164","1","0","LFS-VARIANT","Turtle.prefab","0","True"
"0","0","C:\dev\_wt_s11_l6_prefabs\Assets\_Project\Prefabs\Moon1\Blender\VesicaPiscisFloor.prefab","3168","1","0","LFS-VARIANT","VesicaPiscisFloor.prefab","0","True"
"0","0","C:\dev\_wt_s11_l6_prefabs\Assets\_Project\Prefabs\Moon1\Blender\VictoryArch.prefab","3148","1","0","LFS-VARIANT","VictoryArch.prefab","0","True"
"0","0","C:\dev\_wt_s11_l6_prefabs\Assets\_Project\Prefabs\Moon1\Blender\VillageBakery.prefab","3156","1","0","LFS-VARIANT","VillageBakery.prefab","0","True"
"0","0","C:\dev\_wt_s11_l6_prefabs\Assets\_Project\Prefabs\Moon1\Blender\VillageCottageA.prefab","3156","1","0","LFS-VARIANT","VillageCottageA.prefab","0","True"
"0","0","C:\dev\_wt_s11_l6_prefabs\Assets\_Project\Prefabs\Moon1\Blender\VillageCottageB.prefab","3156","1","0","LFS-VARIANT","VillageCottageB.prefab","0","True"
"0","0","C:\dev\_wt_s11_l6_prefabs\Assets\_Project\Prefabs\Moon1\Blender\VillageCottageC.prefab","3156","1","0","LFS-VARIANT","VillageCottageC.prefab","0","True"
"0","0","C:\dev\_wt_s11_l6_prefabs\Assets\_Project\Prefabs\Moon1\Blender\VillageInn.prefab","3152","1","0","LFS-VARIANT","VillageInn.prefab","0","True"
"0","0","C:\dev\_wt_s11_l6_prefabs\Assets\_Project\Prefabs\Moon1\Blender\VillageMill.prefab","3156","1","0","LFS-VARIANT","VillageMill.prefab","0","True"
"0","0","C:\dev\_wt_s11_l6_prefabs\Assets\_Project\Prefabs\Moon1\Blender\Villager_GenericA.prefab","3160","1","0","LFS-VARIANT","Villager_GenericA.prefab","0","True"
"0","0","C:\dev\_wt_s11_l6_prefabs\Assets\_Project\Prefabs\Moon1\Blender\VillagerSignpost.prefab","3160","1","0","LFS-VARIANT","VillagerSignpost.prefab","0","True"
"0","0","C:\dev\_wt_s11_l6_prefabs\Assets\_Project\Prefabs\Moon1\Blender\VillageSmithy.prefab","3164","1","0","LFS-VARIANT","VillageSmithy.prefab","0","True"
"0","0","C:\dev\_wt_s11_l6_prefabs\Assets\_Project\Prefabs\Moon1\Blender\VillageWell.prefab","3152","1","0","LFS-VARIANT","VillageWell.prefab","0","True"
"0","0","C:\dev\_wt_s11_l6_prefabs\Assets\_Project\Prefabs\Moon1\Blender\Wagon.prefab","3148","1","0","LFS-VARIANT","Wagon.prefab","0","True"
"0","0","C:\dev\_wt_s11_l6_prefabs\Assets\_Project\Prefabs\Moon1\Blender\WallBanner.prefab","3156","1","0","LFS-VARIANT","WallBanner.prefab","0","True"
"0","0","C:\dev\_wt_s11_l6_prefabs\Assets\_Project\Prefabs\Moon1\Blender\WallSconceIron.prefab","3156","1","0","LFS-VARIANT","WallSconceIron.prefab","0","True"
"0","0","C:\dev\_wt_s11_l6_prefabs\Assets\_Project\Prefabs\Moon1\Blender\WarHammer.prefab","3152","1","0","LFS-VARIANT","WarHammer.prefab","0","True"
"0","0","C:\dev\_wt_s11_l6_prefabs\Assets\_Project\Prefabs\Moon1\Blender\WarPick.prefab","3164","1","0","LFS-VARIANT","WarPick.prefab","0","True"
"0","0","C:\dev\_wt_s11_l6_prefabs\Assets\_Project\Prefabs\Moon1\Blender\Watchtower.prefab","3152","1","0","LFS-VARIANT","Watchtower.prefab","0","True"
"0","0","C:\dev\_wt_s11_l6_prefabs\Assets\_Project\Prefabs\Moon1\Blender\WaterGridChannel.prefab","3164","1","0","LFS-VARIANT","WaterGridChannel.prefab","0","True"
"0","0","C:\dev\_wt_s11_l6_prefabs\Assets\_Project\Prefabs\Moon1\Blender\WaveformPillar.prefab","3156","1","0","LFS-VARIANT","WaveformPillar.prefab","0","True"
"0","0","C:\dev\_wt_s11_l6_prefabs\Assets\_Project\Prefabs\Moon1\Blender\WeatherVane.prefab","3152","1","0","LFS-VARIANT","WeatherVane.prefab","0","True"
"0","0","C:\dev\_wt_s11_l6_prefabs\Assets\_Project\Prefabs\Moon1\Blender\WellBucket.prefab","3152","1","0","LFS-VARIANT","WellBucket.prefab","0","True"
"0","0","C:\dev\_wt_s11_l6_prefabs\Assets\_Project\Prefabs\Moon1\Blender\WhiteCitySpire.prefab","3164","1","0","LFS-VARIANT","WhiteCitySpire.prefab","0","True"
"0","0","C:\dev\_wt_s11_l6_prefabs\Assets\_Project\Prefabs\Moon1\Blender\WillowTree.prefab","3172","1","0","LFS-VARIANT","WillowTree.prefab","0","True"
"0","0","C:\dev\_wt_s11_l6_prefabs\Assets\_Project\Prefabs\Moon1\Blender\WindChime.prefab","3152","1","0","LFS-VARIANT","WindChime.prefab","0","True"
"0","0","C:\dev\_wt_s11_l6_prefabs\Assets\_Project\Prefabs\Moon1\Blender\WindowStainedGlass.prefab","3160","1","0","LFS-VARIANT","WindowStainedGlass.prefab","0","True"
"0","0","C:\dev\_wt_s11_l6_prefabs\Assets\_Project\Prefabs\Moon1\Blender\Wolf.prefab","3144","1","0","LFS-VARIANT","Wolf.prefab","0","True"
"0","0","C:\dev\_wt_s11_l6_prefabs\Assets\_Project\Prefabs\Moon1\Blender\WoodenBarrel.prefab","3152","1","0","LFS-VARIANT","WoodenBarrel.prefab","0","True"
"0","0","C:\dev\_wt_s11_l6_prefabs\Assets\_Project\Prefabs\Moon1\Blender\WoodenBed.prefab","3160","1","0","LFS-VARIANT","WoodenBed.prefab","0","True"
"0","0","C:\dev\_wt_s11_l6_prefabs\Assets\_Project\Prefabs\Moon1\Blender\WoodenBucket.prefab","3148","1","0","LFS-VARIANT","WoodenBucket.prefab","0","True"
"0","0","C:\dev\_wt_s11_l6_prefabs\Assets\_Project\Prefabs\Moon1\Blender\WoodenCrate.prefab","3152","1","0","LFS-VARIANT","WoodenCrate.prefab","0","True"
"0","0","C:\dev\_wt_s11_l6_prefabs\Assets\_Project\Prefabs\Moon1\Blender\WoodenLectern.prefab","3156","1","0","LFS-VARIANT","WoodenLectern.prefab","0","True"
"0","0","C:\dev\_wt_s11_l6_prefabs\Assets\_Project\Prefabs\Moon1\Blender\WoodenSign.prefab","3156","1","0","LFS-VARIANT","WoodenSign.prefab","0","True"
"0","0","C:\dev\_wt_s11_l6_prefabs\Assets\_Project\Prefabs\Moon1\Blender\WorldTreeSmall.prefab","3156","1","0","LFS-VARIANT","WorldTreeSmall.prefab","0","True"
"0","0","C:\dev\_wt_s11_l6_prefabs\Assets\_Project\Prefabs\Moon1\Blender\ZodiacWheel.prefab","3152","1","0","LFS-VARIANT","ZodiacWheel.prefab","0","True"
"0","1","C:\dev\_wt_s11_l6_prefabs\Assets\_Project\Prefabs\Moon1\Cathedral\Archway_4x7m.prefab","2277","0","0","PRIMITIVE","Archway_4x7m.prefab","0","False"
"0","1","C:\dev\_wt_s11_l6_prefabs\Assets\_Project\Prefabs\Moon1\Cathedral\Column_Ornate_6.5m.prefab","2277","0","0","PRIMITIVE","Column_Ornate_6.5m.prefab","0","False"
"0","1","C:\dev\_wt_s11_l6_prefabs\Assets\_Project\Prefabs\Moon1\Cathedral\Dome_Segment_E.prefab","2285","0","0","PRIMITIVE","Dome_Segment_E.prefab","0","False"
"0","1","C:\dev\_wt_s11_l6_prefabs\Assets\_Project\Prefabs\Moon1\Cathedral\Dome_Segment_N.prefab","2285","0","0","PRIMITIVE","Dome_Segment_N.prefab","0","False"
"0","1","C:\dev\_wt_s11_l6_prefabs\Assets\_Project\Prefabs\Moon1\Cathedral\Dome_Segment_NE.prefab","2286","0","0","PRIMITIVE","Dome_Segment_NE.prefab","0","False"
"0","1","C:\dev\_wt_s11_l6_prefabs\Assets\_Project\Prefabs\Moon1\Cathedral\Dome_Segment_NW.prefab","2286","0","0","PRIMITIVE","Dome_Segment_NW.prefab","0","False"
"0","1","C:\dev\_wt_s11_l6_prefabs\Assets\_Project\Prefabs\Moon1\Cathedral\Dome_Segment_S.prefab","2285","0","0","PRIMITIVE","Dome_Segment_S.prefab","0","False"
"0","1","C:\dev\_wt_s11_l6_prefabs\Assets\_Project\Prefabs\Moon1\Cathedral\Dome_Segment_SE.prefab","2286","0","0","PRIMITIVE","Dome_Segment_SE.prefab","0","False"
"0","1","C:\dev\_wt_s11_l6_prefabs\Assets\_Project\Prefabs\Moon1\Cathedral\Dome_Segment_SW.prefab","2286","0","0","PRIMITIVE","Dome_Segment_SW.prefab","0","False"
"0","1","C:\dev\_wt_s11_l6_prefabs\Assets\_Project\Prefabs\Moon1\Cathedral\Dome_Segment_W.prefab","2285","0","0","PRIMITIVE","Dome_Segment_W.prefab","0","False"
"0","1","C:\dev\_wt_s11_l6_prefabs\Assets\_Project\Prefabs\Moon1\Cathedral\Door_Grand_3x6m.prefab","2282","0","0","PRIMITIVE","Door_Grand_3x6m.prefab","0","False"
"0","1","C:\dev\_wt_s11_l6_prefabs\Assets\_Project\Prefabs\Moon1\Cathedral\Foundation_16x16m.prefab","2273","0","0","PRIMITIVE","Foundation_16x16m.prefab","0","False"
"0","1","C:\dev\_wt_s11_l6_prefabs\Assets\_Project\Prefabs\Moon1\Cathedral\RoseWindow_4x4m.prefab","2292","0","0","PRIMITIVE","RoseWindow_4x4m.prefab","0","False"
"0","1","C:\dev\_wt_s11_l6_prefabs\Assets\_Project\Prefabs\Moon1\Cathedral\Spire_Base_2x2m.prefab","2267","0","0","PRIMITIVE","Spire_Base_2x2m.prefab","0","False"
"0","1","C:\dev\_wt_s11_l6_prefabs\Assets\_Project\Prefabs\Moon1\Cathedral\Spire_Mid_Taper.prefab","2281","0","0","PRIMITIVE","Spire_Mid_Taper.prefab","0","False"
"0","1","C:\dev\_wt_s11_l6_prefabs\Assets\_Project\Prefabs\Moon1\Cathedral\Spire_Top_MercuryBall.prefab","2285","0","0","PRIMITIVE","Spire_Top_MercuryBall.prefab","0","False"
"0","1","C:\dev\_wt_s11_l6_prefabs\Assets\_Project\Prefabs\Moon1\Cathedral\Wall_4x4m_Stone.prefab","2273","0","0","PRIMITIVE","Wall_4x4m_Stone.prefab","0","False"
"0","1","C:\dev\_wt_s11_l6_prefabs\Assets\_Project\Prefabs\Moon1\Cathedral\Wall_Corner_4x4m.prefab","2281","0","0","PRIMITIVE","Wall_Corner_4x4m.prefab","0","False"
"1","0","C:\dev\_wt_s11_l6_prefabs\Assets\_Project\Prefabs\Characters\Anastasia.prefab","10844","0","0","PRIMITIVE","Anastasia.prefab","0","True"
"1","0","C:\dev\_wt_s11_l6_prefabs\Assets\_Project\Prefabs\Characters\Cassian.prefab","10844","0","0","PRIMITIVE","Cassian.prefab","0","True"
"0","0","C:\dev\_wt_s11_l6_prefabs\Assets\_Project\Prefabs\Characters\CrystalSentry.prefab","4728","0","0","OTHER","CrystalSentry.prefab","0","True"
"0","0","C:\dev\_wt_s11_l6_prefabs\Assets\_Project\Prefabs\Characters\Korath.prefab","4728","0","0","OTHER","Korath.prefab","0","True"
"1","0","C:\dev\_wt_s11_l6_prefabs\Assets\_Project\Prefabs\Characters\Lirael.prefab","10844","0","0","PRIMITIVE","Lirael.prefab","0","True"
"1","0","C:\dev\_wt_s11_l6_prefabs\Assets\_Project\Prefabs\Characters\Milo.prefab","10828","0","0","PRIMITIVE","Milo.prefab","0","True"
"0","8","C:\dev\_wt_s11_l6_prefabs\Assets\_Project\Prefabs\Characters\MudGolem.prefab","24971","0","0","PRIMITIVE","MudGolem.prefab","0","False"
"1","0","C:\dev\_wt_s11_l6_prefabs\Assets\_Project\Prefabs\Characters\Player.prefab","10844","0","0","PRIMITIVE","Player.prefab","0","True"
"0","0","C:\dev\_wt_s11_l6_prefabs\Assets\_Project\Prefabs\Characters\ShadowStalker.prefab","4728","0","0","OTHER","ShadowStalker.prefab","0","True"
"0","0","C:\dev\_wt_s11_l6_prefabs\Assets\_Project\Prefabs\Characters\Thorne.prefab","4728","0","0","OTHER","Thorne.prefab","0","True"
"0","0","C:\dev\_wt_s11_l6_prefabs\Assets\_Project\Prefabs\Characters\KayKit\Char_Barbarian.prefab","8419","2","0","OTHER","Char_Barbarian.prefab","0","False"
"0","0","C:\dev\_wt_s11_l6_prefabs\Assets\_Project\Prefabs\Characters\KayKit\Char_Knight.prefab","8902","2","0","OTHER","Char_Knight.prefab","0","False"
"0","0","C:\dev\_wt_s11_l6_prefabs\Assets\_Project\Prefabs\Characters\KayKit\Char_Mage.prefab","8653","2","0","OTHER","Char_Mage.prefab","0","False"
"0","0","C:\dev\_wt_s11_l6_prefabs\Assets\_Project\Prefabs\Characters\KayKit\Char_Ranger.prefab","8660","2","0","OTHER","Char_Ranger.prefab","0","False"
"0","0","C:\dev\_wt_s11_l6_prefabs\Assets\_Project\Prefabs\Characters\KayKit\Char_Rogue_Hooded.prefab","8668","2","0","OTHER","Char_Rogue_Hooded.prefab","0","False"
"0","0","C:\dev\_wt_s11_l6_prefabs\Assets\_Project\Prefabs\Characters\KayKit\Char_Rogue.prefab","8410","2","0","OTHER","Char_Rogue.prefab","0","False"
"0","0","C:\dev\_wt_s11_l6_prefabs\Assets\_Project\Prefabs\Characters\KayKit\Mannequin\Char_Mannequin_Large.prefab","5012","1","0","OTHER","Char_Mannequin_Large.prefab","0","False"
"0","0","C:\dev\_wt_s11_l6_prefabs\Assets\_Project\Prefabs\Characters\KayKit\Mannequin\Char_Mannequin_Medium.prefab","5014","1","0","OTHER","Char_Mannequin_Medium.prefab","0","False"
"0","0","C:\dev\_wt_s11_l6_prefabs\Assets\_Project\Prefabs\Characters\KayKit\Skeletons\Char_Skeleton_Mage.prefab","11841","3","0","OTHER","Char_Skeleton_Mage.prefab","0","False"
"0","0","C:\dev\_wt_s11_l6_prefabs\Assets\_Project\Prefabs\Characters\KayKit\Skeletons\Char_Skeleton_Minion.prefab","11797","3","0","OTHER","Char_Skeleton_Minion.prefab","0","False"
"0","0","C:\dev\_wt_s11_l6_prefabs\Assets\_Project\Prefabs\Characters\KayKit\Skeletons\Char_Skeleton_Rogue.prefab","12084","3","0","OTHER","Char_Skeleton_Rogue.prefab","0","False"
"0","0","C:\dev\_wt_s11_l6_prefabs\Assets\_Project\Prefabs\Characters\KayKit\Skeletons\Char_Skeleton_Warrior.prefab","12090","3","0","OTHER","Char_Skeleton_Warrior.prefab","0","False"
"1","0","C:\dev\_wt_s11_l6_prefabs\Assets\_Project\Prefabs\Buildings\Echohaven_CrystalSpire.prefab","225663","0","0","PRIMITIVE","Echohaven_CrystalSpire.prefab","0","True"
"1","0","C:\dev\_wt_s11_l6_prefabs\Assets\_Project\Prefabs\Buildings\Echohaven_HarmonicFountain.prefab","229567","0","0","PRIMITIVE","Echohaven_HarmonicFountain.prefab","0","True"
"1","0","C:\dev\_wt_s11_l6_prefabs\Assets\_Project\Prefabs\Buildings\Echohaven_StarDome.prefab","212623","0","0","PRIMITIVE","Echohaven_StarDome.prefab","0","True"
