"Name","DeclLine","Helpers","PublisherCount","Publishers","SubscriberCount","Subscribers","Status"
"OnAetherEnergyChanged","149","RaiseAetherEnergyChanged","0","","2","Assets/_Project/Scripts/UI/HUDLiveDataWiring.cs:27; Assets/_Project/Scripts/UI/HUDLiveDataWiring.cs:39","BROKEN"
"OnAetherVisionToggledTyped","221","RaiseAetherVisionToggled","1","Assets/_Project/Scripts/Gameplay/PlayerAbilityController.cs:162","0","","BROKEN"
"OnBossDefeated","78","RaiseBossDefeated","1","Assets/_Project/Scripts/Integration/BossEncounterSystem.cs:1209","0","","BROKEN"
"OnBuildingDiscovered","57","FireBuildingDiscovered,RaiseBuildingDiscovered","1","Assets/_Project/Scripts/Integration/CathedralRestorationSystem.cs:69","2","Assets/_Project/Scripts/Integration/MiloFollowBehaviour.cs:53; Assets/_Project/Scripts/Integration/MiloFollowBehaviour.cs:59","HEALTHY"
"OnBuildingDiscoveredTyped","53","RaiseBuildingDiscovered","0","","2","Assets/_Project/Scripts/Integration/Moon1DialogueBindings.cs:39; Assets/_Project/Scripts/Integration/Moon1DialogueBindings.cs:45","BROKEN"
"OnBuildingRestored","56","FireBuildingRestored,RaiseBuildingRestored","5","Assets/_Project/Scripts/Integration/InteractableBuilding.cs:647; Assets/_Project/Scripts/Integration/CathedralRestorationSystem.cs:187; Assets/_Project/Scripts/Integration/DomeRestorationSystem.cs:23; Assets/_Project/Scripts/Integration/FountainRestorationSystem.cs:22; Assets/_Project/Scripts/Integration/SpireRestorationSystem.cs:22","27","Assets/_Project/Scripts/Integration/_moon2_archive/Moon2ProgressionSystem.cs:106; Assets/_Project/Scripts/Integration/_moon2_archive/Moon2ProgressionSystem.cs:123; Assets/_Project/Scripts/Audio/AdaptiveMusicController.cs:435; Assets/_Project/Scripts/Audio/AdaptiveMusicController.cs:446; Assets/_Project/Scripts/Integration/VFXWiringController.cs:35; Assets/_Project/Scripts/Integration/VFXWiringController.cs:44; Assets/_Project/Scripts/Integration/EchohavenProgressionSystem.cs:59; Assets/_Project/Scripts/Integration/EchohavenProgressionSystem.cs:69; Assets/_Project/Scripts/Integration/Moon1AudioAtmosphere.cs:45; Assets/_Project/Scripts/Integration/Moon1AudioAtmosphere.cs:50; Assets/_Project/Scripts/Integration/_moon2_archive/Moon2LunarContentSpawner.cs:298; Assets/_Project/Scripts/Integration/Moon1CombatDirector.cs:47; Assets/_Project/Scripts/Integration/Moon1CombatDirector.cs:52; Assets/_Project/Scripts/Integration/RuntimeHUDBuilder.cs:101; Assets/_Project/Scripts/Integration/RuntimeHUDBuilder.cs:238; Assets/_Project/Scripts/Save/SaveManager.cs:100; Assets/_Project/Scripts/Save/SaveManager.cs:155; Assets/_Project/Scripts/Integration/Moon1ProgressPersistence.cs:43; Assets/_Project/Scripts/Integration/Moon1ProgressPersistence.cs:49; Assets/_Project/Scripts/Integration/AudioFeedbackController.cs:36; Assets/_Project/Scripts/Integration/AudioFeedbackController.cs:45; Assets/_Project/Scripts/Integration/Moon1AudioOrchestra.cs:43; Assets/_Project/Scripts/Integration/Moon1AudioOrchestra.cs:50; Assets/_Project/Scripts/UI/QuestObjectiveTrackerUI.cs:33; Assets/_Project/Scripts/UI/QuestObjectiveTrackerUI.cs:39; Assets/_Project/Scripts/AI/MiloTutorialFlow.cs:154; Assets/_Project/Scripts/AI/MiloTutorialFlow.cs:170","HEALTHY"
"OnBuildingRestoredTyped","47","RaiseBuildingRestored","1","Assets/_Project/Scripts/Integration/InteractableBuilding.cs:647","20","Assets/_Project/Scripts/UI/LeyLineMinimap.cs:38; Assets/_Project/Scripts/UI/LeyLineMinimap.cs:43; Assets/_Project/Scripts/UI/LeyLineMap.cs:59; Assets/_Project/Scripts/UI/LeyLineMap.cs:64; Assets/_Project/Scripts/Integration/Moon1DialogueBindings.cs:40; Assets/_Project/Scripts/Integration/Moon1DialogueBindings.cs:46; Assets/_Project/Scripts/Integration/BuildingRestorationCeremony.cs:31; Assets/_Project/Scripts/Integration/BuildingRestorationCeremony.cs:32; Assets/_Project/Scripts/Integration/NPCConditionalSpawn.cs:27; Assets/_Project/Scripts/Integration/NPCConditionalSpawn.cs:32; Assets/_Project/Scripts/Integration/MudDissolutionAnimator.cs:49; Assets/_Project/Scripts/Integration/MudDissolutionAnimator.cs:54; Assets/_Project/Scripts/Integration/Moon1CinematicMoments.cs:32; Assets/_Project/Scripts/Integration/Moon1CinematicMoments.cs:38; Assets/_Project/Scripts/Gameplay/PlayerHealthController.cs:65; Assets/_Project/Scripts/Gameplay/PlayerHealthController.cs:75; Assets/_Project/Scripts/UI/RewardToastController.cs:69; Assets/_Project/Scripts/UI/RewardToastController.cs:76; Assets/_Project/Scripts/Camera/RestorationCinemachine.cs:20; Assets/_Project/Scripts/Camera/RestorationCinemachine.cs:21","HEALTHY"
"OnCloudConflictDetected","330","FireCloudConflictDetected","1","Assets/_Project/Scripts/Save/SaveManager.cs:1935","2","Assets/_Project/Scripts/Save/SaveManager.cs:102; Assets/_Project/Scripts/Save/SaveManager.cs:157","HEALTHY"
"OnCollectibleGathered","435","","1","Assets/_Project/Scripts/Integration/Phase2Stubs.cs:117","0","","BROKEN"
"OnCombatEnded","437","FireCombatEnded","1","Assets/_Project/Scripts/Integration/Phase2Stubs.cs:119","2","Assets/_Project/Scripts/Audio/AdaptiveMusicController.cs:434; Assets/_Project/Scripts/Audio/AdaptiveMusicController.cs:445","HEALTHY"
"OnCombatStarted","436","FireCombatStarted","1","Assets/_Project/Scripts/Integration/Phase2Stubs.cs:118","2","Assets/_Project/Scripts/Audio/AdaptiveMusicController.cs:433; Assets/_Project/Scripts/Audio/AdaptiveMusicController.cs:444","HEALTHY"
"OnCriticalSaveTrigger","329","FireCriticalSaveTrigger","14","Assets/_Project/Scripts/Integration/EchohavenProgressionSystem.cs:116; Assets/_Project/Scripts/Integration/EchohavenProgressionSystem.cs:148; Assets/_Project/Scripts/Gameplay/SkillTreeSystem.cs:421; Assets/_Project/Scripts/Gameplay/SpectralOrphanAdoption.cs:130; Assets/_Project/Scripts/Gameplay/SpectralOrphanAdoption.cs:143; Assets/_Project/Scripts/Gameplay/SpectralOrphanAdoption.cs:166; Assets/_Project/Scripts/Gameplay/SpectralOrphanAdoption.cs:184; Assets/_Project/Scripts/Gameplay/SpectralOrphanAdoption.cs:194; Assets/_Project/Scripts/Gameplay/SpectralOrphanAdoption.cs:208; Assets/_Project/Scripts/Gameplay/SpectralOrphanAdoption.cs:216; Assets/_Project/Scripts/Gameplay/SpectralOrphanAdoption.cs:227; Assets/_Project/Scripts/Gameplay/SpectralOrphanAdoption.cs:240; Assets/_Project/Scripts/Gameplay/SpectralOrphanAdoption.cs:249; Assets/_Project/Scripts/Save/SaveManager.cs:1661","4","Assets/_Project/Scripts/UI/GameCompleteOverlay.cs:73; Assets/_Project/Scripts/UI/GameCompleteOverlay.cs:78; Assets/_Project/Scripts/Save/SaveManager.cs:101; Assets/_Project/Scripts/Save/SaveManager.cs:156","HEALTHY"
"OnDialogueStateChanged","210","RaiseDialogueStateChanged","0","","0","","UNUSED"
"OnEnemyKilled","71","RaiseEnemyKilled","2","Assets/_Project/Scripts/Integration/MudGolemEnemy.cs:217; Assets/_Project/Scripts/AI/MudGolemHealth.cs:169","6","Assets/_Project/Scripts/Integration/VFXWiringController.cs:36; Assets/_Project/Scripts/Integration/VFXWiringController.cs:45; Assets/_Project/Scripts/Gameplay/PlayerProgression.cs:139; Assets/_Project/Scripts/Gameplay/PlayerProgression.cs:145; Assets/_Project/Scripts/Integration/AudioFeedbackController.cs:37; Assets/_Project/Scripts/Integration/AudioFeedbackController.cs:46","HEALTHY"
"OnHUDAchievementToast","332","FireHUDAchievementToast","10","Assets/_Project/Scripts/Save/SaveManager.cs:242; Assets/_Project/Scripts/Save/SaveManager.cs:249; Assets/_Project/Scripts/Save/SaveManager.cs:759; Assets/_Project/Scripts/Save/SaveManager.cs:1323; Assets/_Project/Scripts/Save/SaveManager.cs:1337; Assets/_Project/Scripts/Save/SaveManager.cs:1698; Assets/_Project/Scripts/Save/SaveManager.cs:1754; Assets/_Project/Scripts/Save/SaveManager.cs:1851; Assets/_Project/Scripts/Save/SaveManager.cs:1872; Assets/_Project/Scripts/Save/SaveManager.cs:1948","2","Assets/_Project/Scripts/UI/HUDController.cs:140; Assets/_Project/Scripts/UI/HUDController.cs:176","HEALTHY"
"OnHUDCloudQueueToast","333","FireHUDCloudQueueToast","14","Assets/_Project/Scripts/Save/SaveManager.cs:527; Assets/_Project/Scripts/Save/SaveManager.cs:535; Assets/_Project/Scripts/Save/SaveManager.cs:544; Assets/_Project/Scripts/Save/SaveManager.cs:612; Assets/_Project/Scripts/Save/SaveManager.cs:771; Assets/_Project/Scripts/Save/SaveManager.cs:1579; Assets/_Project/Scripts/Save/SaveManager.cs:1620; Assets/_Project/Scripts/Save/SaveManager.cs:1766; Assets/_Project/Scripts/Save/SaveManager.cs:1823; Assets/_Project/Scripts/Save/SaveManager.cs:1840; Assets/_Project/Scripts/Save/SaveManager.cs:1855; Assets/_Project/Scripts/Save/SaveManager.cs:1865; Assets/_Project/Scripts/Save/SaveManager.cs:1873; Assets/_Project/Scripts/Save/SaveManager.cs:1886","2","Assets/_Project/Scripts/UI/HUDController.cs:141; Assets/_Project/Scripts/UI/HUDController.cs:177","HEALTHY"
"OnHUDFlashRSGain","291","RaiseHUDFlashRSGain","0","","2","Assets/_Project/Scripts/UI/HUDController.cs:156; Assets/_Project/Scripts/UI/HUDController.cs:192","BROKEN"
"OnHUDHideBossHealth","273","RaiseHUDHideBossHealth","0","","2","Assets/_Project/Scripts/UI/HUDController.cs:153; Assets/_Project/Scripts/UI/HUDController.cs:189","BROKEN"
"OnHUDHideInteractionPrompt","285","RaiseHUDHideInteractionPrompt","4","Assets/_Project/Scripts/Integration/TuningPedestalLink.cs:35; Assets/_Project/Scripts/Integration/CombatWaveManager.cs:467; Assets/_Project/Scripts/AI/MiloTutorialFlow.cs:13; Assets/_Project/Scripts/AI/MiloTutorialFlow.cs:486","4","Assets/_Project/Scripts/Integration/Moon1InteractionPrompt.cs:48; Assets/_Project/Scripts/Integration/Moon1InteractionPrompt.cs:55; Assets/_Project/Scripts/UI/HUDController.cs:155; Assets/_Project/Scripts/UI/HUDController.cs:191","HEALTHY"
"OnHUDSaveConflictPrompt","334","FireHUDSaveConflictPrompt","1","Assets/_Project/Scripts/Save/SaveManager.cs:195","2","Assets/_Project/Scripts/UI/HUDController.cs:142; Assets/_Project/Scripts/UI/HUDController.cs:178","HEALTHY"
"OnHUDShowBanner","243","RaiseHUDShowBanner","23","Assets/_Project/Scripts/Integration/Moon1AnastasiaController.cs:18; Assets/_Project/Scripts/Integration/Moon1AnastasiaController.cs:81; Assets/_Project/Scripts/Integration/EchohavenProgressionSystem.cs:247; Assets/_Project/Scripts/Integration/EchohavenProgressionSystem.cs:267; Assets/_Project/Scripts/Integration/EchohavenProgressionSystem.cs:283; Assets/_Project/Scripts/Integration/_moon2_archive/Moon2LunarContentSpawner.cs:279; Assets/_Project/Scripts/Integration/_moon2_archive/Moon2LunarContentSpawner.cs:365; Assets/_Project/Scripts/Integration/_moon2_archive/Moon2LunarContentSpawner.cs:409; Assets/_Project/Scripts/Integration/_moon2_archive/Moon2LunarContentSpawner.cs:462; Assets/_Project/Scripts/Integration/_moon2_archive/Moon2LunarContentSpawner.cs:547; Assets/_Project/Scripts/Integration/_moon2_archive/Moon2LunarContentSpawner.cs:585; Assets/_Project/Scripts/Integration/_moon2_archive/Moon2LunarContentSpawner.cs:613; Assets/_Project/Scripts/Integration/_moon2_archive/Moon2LunarContentSpawner.cs:680; Assets/_Project/Scripts/Integration/_moon2_archive/Moon2LunarContentSpawner.cs:684; Assets/_Project/Scripts/Integration/_moon2_archive/Moon2LunarContentSpawner.cs:816; Assets/_Project/Scripts/Integration/MiloController.cs:182; Assets/_Project/Scripts/Integration/MiloController.cs:262; Assets/_Project/Scripts/Integration/LiraelController.cs:196; Assets/_Project/Scripts/Integration/LiraelController.cs:207; Assets/_Project/Scripts/Integration/LiraelController.cs:328; Assets/_Project/Scripts/Integration/PointOfInterest.cs:118; Assets/_Project/Scripts/AI/MiloTutorialFlow.cs:11; Assets/_Project/Scripts/AI/MiloTutorialFlow.cs:460","2","Assets/_Project/Scripts/UI/HUDController.cs:148; Assets/_Project/Scripts/UI/HUDController.cs:184","HEALTHY"
"OnHUDShowBossHealth","261","RaiseHUDShowBossHealth","0","","2","Assets/_Project/Scripts/UI/HUDController.cs:151; Assets/_Project/Scripts/UI/HUDController.cs:187","BROKEN"
"OnHUDShowBossNameplate","297","RaiseHUDShowBossNameplate","0","","2","Assets/_Project/Scripts/UI/HUDController.cs:157; Assets/_Project/Scripts/UI/HUDController.cs:193","BROKEN"
"OnHUDShowCorruptionWhisper","309","RaiseHUDShowCorruptionWhisper","0","","2","Assets/_Project/Scripts/UI/HUDController.cs:159; Assets/_Project/Scripts/UI/HUDController.cs:195","BROKEN"
"OnHUDShowDialogue","237","RaiseHUDShowDialogue","2","Assets/_Project/Scripts/AI/MiloTutorialFlow.cs:10; Assets/_Project/Scripts/AI/MiloTutorialFlow.cs:447","4","Assets/_Project/Scripts/Integration/YarnTutorialBinding.cs:68; Assets/_Project/Scripts/Integration/YarnTutorialBinding.cs:79; Assets/_Project/Scripts/UI/HUDController.cs:147; Assets/_Project/Scripts/UI/HUDController.cs:183","HEALTHY"
"OnHUDShowEnemyBark","303","RaiseHUDShowEnemyBark","0","","2","Assets/_Project/Scripts/UI/HUDController.cs:158; Assets/_Project/Scripts/UI/HUDController.cs:194","BROKEN"
"OnHUDShowInteractionPrompt","279","RaiseHUDShowInteractionPrompt","21","Assets/_Project/Scripts/Integration/InteractableBuilding.cs:237; Assets/_Project/Scripts/Integration/InteractableBuilding.cs:263; Assets/_Project/Scripts/Integration/InteractableBuilding.cs:268; Assets/_Project/Scripts/Integration/InteractableBuilding.cs:298; Assets/_Project/Scripts/Integration/InteractableBuilding.cs:330; Assets/_Project/Scripts/Integration/InteractableBuilding.cs:334; Assets/_Project/Scripts/Integration/InteractableBuilding.cs:338; Assets/_Project/Scripts/Integration/InteractableBuilding.cs:342; Assets/_Project/Scripts/Integration/CampaignFlowController.cs:211; Assets/_Project/Scripts/Integration/CampaignFlowController.cs:253; Assets/_Project/Scripts/Integration/TuningPedestalLink.cs:28; Assets/_Project/Scripts/Integration/CombatWaveManager.cs:404; Assets/_Project/Scripts/Integration/CombatWaveManager.cs:462; Assets/_Project/Scripts/Integration/CombatWaveManager.cs:476; Assets/_Project/Scripts/Integration/QuestManager.cs:308; Assets/_Project/Scripts/Integration/QuestManager.cs:514; Assets/_Project/Scripts/Integration/ZoneTransitionSystem.cs:82; Assets/_Project/Scripts/Integration/ZoneTransitionSystem.cs:95; Assets/_Project/Scripts/Integration/PointOfInterest.cs:120; Assets/_Project/Scripts/AI/MiloTutorialFlow.cs:12; Assets/_Project/Scripts/AI/MiloTutorialFlow.cs:473","4","Assets/_Project/Scripts/Integration/Moon1InteractionPrompt.cs:47; Assets/_Project/Scripts/Integration/Moon1InteractionPrompt.cs:54; Assets/_Project/Scripts/UI/HUDController.cs:154; Assets/_Project/Scripts/UI/HUDController.cs:190","HEALTHY"
"OnHUDShowMoonTrophy","255","RaiseHUDShowMoonTrophy","0","","2","Assets/_Project/Scripts/UI/HUDController.cs:150; Assets/_Project/Scripts/UI/HUDController.cs:186","BROKEN"
"OnHUDShowObjective","231","RaiseHUDShowObjective","15","Assets/_Project/Scripts/Integration/_moon2_archive/Moon2ProgressionSystem.cs:251; Assets/_Project/Scripts/Integration/_moon2_archive/Moon2ProgressionSystem.cs:354; Assets/_Project/Scripts/Integration/Moon1QuestTriggers.cs:132; Assets/_Project/Scripts/Integration/_moon2_archive/Moon2LunarContentSpawner.cs:291; Assets/_Project/Scripts/Integration/MoonBeatRunner.cs:151; Assets/_Project/Scripts/Integration/TuningPedestalLink.cs:66; Assets/_Project/Scripts/Integration/EchohavenContentSpawner.cs:897; Assets/_Project/Scripts/Integration/EchohavenContentSpawner.cs:901; Assets/_Project/Scripts/Integration/EchohavenContentSpawner.cs:3001; Assets/_Project/Scripts/Integration/EchohavenContentSpawner.cs:3036; Assets/_Project/Scripts/Integration/Moon1NarrativeBeats.cs:43; Assets/_Project/Scripts/Integration/Moon1NarrativeBeats.cs:75; Assets/_Project/Scripts/UI/LoadingTipsDatabase.cs:147; Assets/_Project/Scripts/Integration/ReturnPortal.cs:72; Assets/_Project/Scripts/Integration/ReturnPortal.cs:80","2","Assets/_Project/Scripts/UI/HUDController.cs:146; Assets/_Project/Scripts/UI/HUDController.cs:182","HEALTHY"
"OnHUDShowSubtitle","249","RaiseHUDShowSubtitle","1","Assets/_Project/Scripts/Integration/PointOfInterest.cs:119","2","Assets/_Project/Scripts/UI/HUDController.cs:149; Assets/_Project/Scripts/UI/HUDController.cs:185","HEALTHY"
"OnHUDUpdateBossHealth","267","RaiseHUDUpdateBossHealth","0","","2","Assets/_Project/Scripts/UI/HUDController.cs:152; Assets/_Project/Scripts/UI/HUDController.cs:188","BROKEN"
"OnHUDUpdateFrequencyWheel","315","RaiseHUDUpdateFrequencyWheel","1","Assets/_Project/Scripts/Integration/CombatBridge.cs:393","2","Assets/_Project/Scripts/UI/HUDController.cs:160; Assets/_Project/Scripts/UI/HUDController.cs:196","HEALTHY"
"OnInventoryChanged","172","FireInventoryChanged","12","Assets/_Project/Scripts/Gameplay/InventoryManager.cs:92; Assets/_Project/Scripts/Gameplay/InventoryManager.cs:131; Assets/_Project/Scripts/Gameplay/InventoryManager.cs:175; Assets/_Project/Scripts/Gameplay/InventoryManager.cs:235; Assets/_Project/Scripts/Integration/InventorySystem.cs:55; Assets/_Project/Scripts/Integration/InventorySystem.cs:69; Assets/_Project/Scripts/Integration/InventorySystem.cs:94; Assets/_Project/Scripts/Gameplay/InventorySystem.cs:116; Assets/_Project/Scripts/Gameplay/InventorySystem.cs:143; Assets/_Project/Scripts/Gameplay/InventorySystem.cs:200; Assets/_Project/Scripts/Gameplay/InventorySystem.cs:257; Assets/_Project/Scripts/Gameplay/InventorySystem.cs:308","8","Assets/_Project/Scripts/Integration/VFXWiringController.cs:37; Assets/_Project/Scripts/Integration/VFXWiringController.cs:46; Assets/_Project/Scripts/UI/InventoryUIPanel.cs:41; Assets/_Project/Scripts/UI/InventoryUIPanel.cs:55; Assets/_Project/Scripts/Integration/AudioFeedbackController.cs:38; Assets/_Project/Scripts/Integration/AudioFeedbackController.cs:47; Assets/_Project/Scripts/UI/InventoryUI.cs:46; Assets/_Project/Scripts/UI/InventoryUI.cs:52","HEALTHY"
"OnItemPickup","160","RaiseItemPickup","1","Assets/_Project/Scripts/Gameplay/InventorySystem.cs:203","4","Assets/_Project/Scripts/Core/EconomyBalanceMonitor.cs:129; Assets/_Project/Scripts/Core/EconomyBalanceMonitor.cs:149; Assets/_Project/Scripts/UI/RewardToastController.cs:71; Assets/_Project/Scripts/UI/RewardToastController.cs:78","HEALTHY"
"OnItemRemoved","166","RaiseItemRemoved","3","Assets/_Project/Scripts/Gameplay/InventoryManager.cs:130; Assets/_Project/Scripts/Gameplay/InventorySystem.cs:247; Assets/_Project/Scripts/Gameplay/InventorySystem.cs:256","4","Assets/_Project/Scripts/Core/EconomyBalanceMonitor.cs:121; Assets/_Project/Scripts/Core/EconomyBalanceMonitor.cs:144; Assets/_Project/Scripts/UI/InventoryUIPanel.cs:43; Assets/_Project/Scripts/UI/InventoryUIPanel.cs:57","HEALTHY"
"OnLevelUp","106","RaiseLevelUp","2","Assets/_Project/Scripts/Gameplay/PlayerProgression.cs:295; Assets/_Project/Scripts/Gameplay/PlayerProgression.cs:296","4","Assets/_Project/Scripts/Security/EconomyAnomalyDetector.cs:113; Assets/_Project/Scripts/Security/EconomyAnomalyDetector.cs:126; Assets/_Project/Scripts/UI/RewardToastController.cs:70; Assets/_Project/Scripts/UI/RewardToastController.cs:77","HEALTHY"
"OnMoon3FastTravelUnlocked","196","FireMoon3FastTravelUnlocked","1","Assets/_Project/Scripts/Gameplay/SpectralOrphanAdoption.cs:193","2","Assets/_Project/Scripts/Integration/CampaignFlowController.cs:63; Assets/_Project/Scripts/Integration/CampaignFlowController.cs:95","HEALTHY"
"OnMoonCleared","195","FireMoonCleared,RaiseMoonUnlocked","1","Assets/_Project/Scripts/Integration/Phase2Stubs.cs:272","4","Assets/_Project/Scripts/Integration/MoonBeatRunner.cs:43; Assets/_Project/Scripts/Integration/MoonBeatRunner.cs:48; Assets/_Project/Scripts/UI/HUDController.cs:143; Assets/_Project/Scripts/UI/HUDController.cs:179","HEALTHY"
"OnMoonCompleted","192","RaiseMoonCompleted","2","Assets/_Project/Scripts/Integration/EchohavenProgressionSystem.cs:154; Assets/_Project/Scripts/Integration/CampaignFlowController.cs:228","8","Assets/_Project/Scripts/Integration/Moon1PostRestorationVisuals.cs:67; Assets/_Project/Scripts/Integration/Moon1PostRestorationVisuals.cs:72; Assets/_Project/Scripts/Integration/Moon1AnastasiaController.cs:42; Assets/_Project/Scripts/Integration/Moon1AnastasiaController.cs:48; Assets/_Project/Scripts/Integration/Moon1WinScreen.cs:43; Assets/_Project/Scripts/Integration/Moon1WinScreen.cs:48; Assets/_Project/Scripts/Integration/Moon1AudioOrchestra.cs:44; Assets/_Project/Scripts/Integration/Moon1AudioOrchestra.cs:51","HEALTHY"
"OnMoonUnlocked","185","RaiseMoonUnlocked","0","","0","","UNUSED"
"OnNewGamePlusStarted","359","FireNewGamePlusStarted","1","Assets/_Project/Scripts/Save/NewGamePlusSystem.cs:118","0","","BROKEN"
"OnPerformanceFallback","347","FirePerformanceFallback","2","Assets/_Project/Scripts/Core/GameBootstrap.cs:238; Assets/_Project/Scripts/Core/GameBootstrap.cs:262","0","","BROKEN"
"OnPermanentUnlockEarned","360","FirePermanentUnlockEarned","1","Assets/_Project/Scripts/Save/NewGamePlusSystem.cs:205","0","","BROKEN"
"OnPlayerDamaged","123","RaisePlayerDamaged","1","Assets/_Project/Scripts/Gameplay/PlayerHealthController.cs:125","2","Assets/_Project/Scripts/Combat/HitFeedback.cs:128; Assets/_Project/Scripts/Combat/HitFeedback.cs:133","HEALTHY"
"OnPlayerDeath","130","RaisePlayerDeath","2","Assets/_Project/Scripts/Gameplay/PlayerHealthController.cs:170; Assets/_Project/Scripts/Gameplay/PlayerHealthController.cs:171","0","","BROKEN"
"OnPlayerHealthChanged","143","RaisePlayerHealthChanged","0","","2","Assets/_Project/Scripts/UI/HUDLiveDataWiring.cs:26; Assets/_Project/Scripts/UI/HUDLiveDataWiring.cs:38","BROKEN"
"OnPlayerRespawned","137","RaisePlayerRespawned","2","Assets/_Project/Scripts/Gameplay/PlayerHealthController.cs:214; Assets/_Project/Scripts/Gameplay/PlayerHealthController.cs:216","0","","BROKEN"
"OnPOIDiscovered","442","FirePOIDiscovered","1","Assets/_Project/Scripts/Integration/PointOfInterest.cs:110","2","Assets/_Project/Scripts/Audio/AdaptiveMusicController.cs:431; Assets/_Project/Scripts/Audio/AdaptiveMusicController.cs:442","HEALTHY"
"OnQuestObjectiveProgressed","95","FireQuestObjectiveCompleted,RaiseQuestObjectiveProgressed","1","Assets/_Project/Scripts/Integration/QuestManager.cs:343","0","","BROKEN"
"OnQuestStatusChanged","89","FireQuestActivated,FireQuestCompleted,RaiseQuestStatusChanged","6","Assets/_Project/Scripts/Integration/Moon1QuestTriggers.cs:123; Assets/_Project/Scripts/Integration/QuestManager.cs:297; Assets/_Project/Scripts/Integration/QuestManager.cs:298; Assets/_Project/Scripts/Integration/QuestManager.cs:473; Assets/_Project/Scripts/Integration/QuestManager.cs:493; Assets/_Project/Scripts/Integration/QuestManager.cs:494","8","Assets/_Project/Scripts/Integration/CampaignFlowController.cs:86; Assets/_Project/Scripts/Integration/CampaignFlowController.cs:97; Assets/_Project/Scripts/Integration/QuestLogUIPanel.cs:37; Assets/_Project/Scripts/Integration/QuestLogUIPanel.cs:50; Assets/_Project/Scripts/Integration/QuestToastNotification.cs:66; Assets/_Project/Scripts/Integration/QuestToastNotification.cs:77; Assets/_Project/Scripts/UI/QuestObjectiveTrackerUI.cs:34; Assets/_Project/Scripts/UI/QuestObjectiveTrackerUI.cs:40","HEALTHY"
"OnRemotePushNotificationReceived","331","FireRemotePushNotification","0","","0","","UNUSED"
"OnRequestActivateRSBuff","31","FireRequestActivateRSBuff","1","Assets/_Project/Scripts/Gameplay/CraftingSystem.cs:226","0","","BROKEN"
"OnRequestPurgeCorruption","30","FireRequestPurgeCorruption","1","Assets/_Project/Scripts/Gameplay/CraftingSystem.cs:211","2","Assets/_Project/Scripts/Integration/CorruptionSystem.cs:69; Assets/_Project/Scripts/Integration/CorruptionSystem.cs:74","HEALTHY"
"OnResonanceScoreChanged","322","","1","Assets/_Project/Scripts/Core/AetherFieldManager.cs:51","2","Assets/_Project/Scripts/UI/HUDLiveDataWiring.cs:25; Assets/_Project/Scripts/UI/HUDLiveDataWiring.cs:37","HEALTHY"
"OnRSChanged","321","FireRSChange","12","Assets/_Project/Scripts/AI/ResetScout.cs:136; Assets/_Project/Scripts/Integration/Moon1MudPoolPuzzle.cs:222; Assets/_Project/Scripts/Integration/Moon1MudPoolPuzzle.cs:328; Assets/_Project/Scripts/Integration/EchohavenContentSpawner.cs:2941; Assets/_Project/Scripts/Integration/Moon1NarrativeBeats.cs:44; Assets/_Project/Scripts/Integration/Moon1NarrativeBeats.cs:76; Assets/_Project/Scripts/AI/MudGolemAI.cs:597; Assets/_Project/Scripts/Integration/PointOfInterest.cs:113; Assets/_Project/Scripts/AI/MudGolemLootDrop.cs:78; Assets/_Project/Scripts/Gameplay/DissonanceCrystal.cs:46; Assets/_Project/Scripts/Integration/Phase2Stubs.cs:229; Assets/_Project/Scripts/Integration/Phase2Stubs.cs:236","10","Assets/_Project/Scripts/Integration/TartariaPostProcessing.cs:52; Assets/_Project/Scripts/Integration/TartariaPostProcessing.cs:57; Assets/_Project/Scripts/Integration/RunProgressTracker.cs:53; Assets/_Project/Scripts/Integration/RunProgressTracker.cs:59; Assets/_Project/Scripts/Integration/ArchiveManager.cs:69; Assets/_Project/Scripts/Integration/ArchiveManager.cs:83; Assets/_Project/Scripts/Integration/EchohavenContentSpawner.cs:1945; Assets/_Project/Scripts/Integration/EchohavenContentSpawner.cs:2255; Assets/_Project/Scripts/Integration/Moon1ProgressPersistence.cs:44; Assets/_Project/Scripts/Integration/Moon1ProgressPersistence.cs:50","HEALTHY"
"OnSeventeenthHour","446","FireSeventeenthHour","1","Assets/_Project/Scripts/Integration/TartarianHourCycle.cs:90","4","Assets/_Project/Scripts/Integration/Moon1NarrativeBeats.cs:24; Assets/_Project/Scripts/Integration/Moon1NarrativeBeats.cs:25; Assets/_Project/Scripts/Integration/Moon1CinematicMoments.cs:33; Assets/_Project/Scripts/Integration/Moon1CinematicMoments.cs:39","HEALTHY"
"OnTartarianHourChanged","450","FireTartarianHourChanged","0","","0","","UNUSED"
"OnToggleAetherVision","28","FireToggleAetherVision,RaiseAetherVisionToggled","1","Assets/_Project/Scripts/Gameplay/PlayerAbilityController.cs:162","10","Assets/_Project/Scripts/UI/UIManager.cs:78; Assets/_Project/Scripts/UI/UIManager.cs:90; Assets/_Project/Scripts/Integration/Moon1FirstTimeHints.cs:65; Assets/_Project/Scripts/Integration/Moon1FirstTimeHints.cs:70; Assets/_Project/Scripts/Integration/RuntimeHUDBuilder.cs:100; Assets/_Project/Scripts/Integration/RuntimeHUDBuilder.cs:237; Assets/_Project/Scripts/Integration/LeyLineVisualizer.cs:64; Assets/_Project/Scripts/Integration/LeyLineVisualizer.cs:69; Assets/_Project/Scripts/UI/HUDController.cs:139; Assets/_Project/Scripts/UI/HUDController.cs:175","HEALTHY"
"OnTogglePause","29","FireTogglePause","1","Assets/_Project/Scripts/Integration/RuntimeHUDBuilder.cs:914","6","Assets/_Project/Scripts/UI/UIManager.cs:79; Assets/_Project/Scripts/UI/UIManager.cs:91; Assets/_Project/Scripts/Integration/RuntimeHUDBuilder.cs:99; Assets/_Project/Scripts/Integration/RuntimeHUDBuilder.cs:236; Assets/_Project/Scripts/UI/HUDController.cs:138; Assets/_Project/Scripts/UI/HUDController.cs:174","HEALTHY"
"OnTuningNodeActivated","438","","1","Assets/_Project/Scripts/Integration/Phase2Stubs.cs:126","0","","BROKEN"
"OnTuningProgress","454","FireTuningProgress","0","","2","Assets/_Project/Scripts/Audio/AdaptiveMusicController.cs:432; Assets/_Project/Scripts/Audio/AdaptiveMusicController.cs:443","BROKEN"
"OnWeatherHazardEnded","349","FireWeatherHazardEnded","1","Assets/_Project/Scripts/Gameplay/WeatherHazardSystem.cs:151","0","","BROKEN"
"OnWeatherHazardStarted","348","FireWeatherHazardStarted","1","Assets/_Project/Scripts/Gameplay/WeatherHazardSystem.cs:130","0","","BROKEN"
"OnXPGained","112","RaiseXPGained","2","Assets/_Project/Scripts/Gameplay/PlayerProgression.cs:259; Assets/_Project/Scripts/Gameplay/PlayerProgression.cs:260","2","Assets/_Project/Scripts/Core/EconomyBalanceMonitor.cs:126; Assets/_Project/Scripts/Core/EconomyBalanceMonitor.cs:148","HEALTHY"
